id,college_id,course_name,specialization,normalized_category,min_percentage,jee_percentile,,,,,,,,,,
1,1,B.Tech,CSE (AI & ML),CSE_AI_ML,50,0,,,,,,,,,,
2,1,B.Tech,ICT,OTHER,50,0,,,,,,,,,,
3,2,B.Tech,CSE,OTHER,50,0,,,,,,,,,,
4,2,B.Tech,Artificial Intelligence & Machine Learning,CSE_AI_ML,50,0,,,,,,,,,,
5,2,B.Tech,Data Science,DATA_SCIENCE,50,0,,,,,,,,,,
6,2,B.Tech,Cyber Security,CYBER_SECURITY,50,0,,,,,,,,,,
7,2,B.Tech,Cloud Computing,OTHER,50,0,,,,,,,,,,
8,2,B.Tech,AI & Healthcare,OTHER,50,0,,,,,,,,,,
9,3,B.Tech,Computer Science,CSE_CORE,50,0,,,,,,,,,,
10,4,B.S,Digital Transformation,OTHER,45,0,,,,,,,,,,
11,4,B.S,Life Sciences,OTHER,45,0,,,,,,,,,,
12,4,B.S,Energy Sciences,OTHER,45,0,,,,,,,,,,
13,4,B.S,eMobility,OTHER,45,0,,,,,,,,,,
14,4,B.S,Business Management,OTHER,45,0,,,,,,,,,,
15,5,B.Tech,General Engineering,OTHER,50,0,,,,,,,,,,
16,5,B.Tech,CSE (AI & ML HCL),CSE_AI_ML,50,0,,,,,,,,,,
17,5,B.Tech,Artificial Intelligence ,CSE_AI_ML,50,0,,,,,,,,,,
18,5,B.Tech,Data Science,DATA_SCIENCE,50,0,,,,,,,,,,
19,5,B.Tech,Cyber Security,CYBER_SECURITY,50,0,,,,,,,,,,
20,5,B.Tech,Cloud Computing,OTHER,50,0,,,,,,,,,,
21,5,B.Tech,UX Design,OTHER,50,0,,,,,,,,,,
22,5,B.Tech,Full Stack,OTHER,50,0,,,,,,,,,,
23,6,B.E,CSE,OTHER,45,0,,,,,,,,,,
24,6,B.E,Artificial Intelligence & Machine Learning,CSE_AI_ML,45,0,,,,,,,,,,
25,6,B.E,ISE,OTHER,45,0,,,,,,,,,,
26,6,B.E,ECE,ELECTRONICS,45,0,,,,,,,,,,
27,6,B.E,Data Science,DATA_SCIENCE,45,0,,,,,,,,,,
28,6,B.E,Mechanical,MECHANICAL,45,0,,,,,,,,,,
29,6,B.E,Civil,CIVIL,45,0,,,,,,,,,,
30,6,B.E,EEE,ELECTRICAL,45,0,,,,,,,,,,
31,6,B.E,Mechatronics,MECHANICAL,45,0,,,,,,,,,,
32,6,B.E,Biotechnology,BIOTECH,45,0,,,,,,,,,,
33,7,B.Tech,CSE,OTHER,50,0,,,,,,,,,,
34,7,B.Tech,Mechanical,MECHANICAL,50,0,,,,,,,,,,
35,7,B.Tech,Chemical,OTHER,50,0,,,,,,,,,,
36,7,B.Tech,EEE,ELECTRICAL,50,0,,,,,,,,,,
37,8,B.E,CSE,OTHER,50,0,,,,,,,,,,
38,8,B.E,Mechanical,MECHANICAL,50,0,,,,,,,,,,
39,8,B.E,ECE,ELECTRONICS,50,0,,,,,,,,,,
40,8,B.E,Mechatronics,MECHANICAL,50,0,,,,,,,,,,
41,8,B.E,Data Science,DATA_SCIENCE,50,0,,,,,,,,,,
42,8,B.E,Civil,CIVIL,50,0,,,,,,,,,,
43,8,B.E,EEE,ELECTRICAL,50,0,,,,,,,,,,
44,9,B.Tech,Aerospace,OTHER,50,0,,,,,,,,,,
45,9,B.Tech,Biotechnology,BIOTECH,50,0,,,,,,,,,,
46,9,B.Tech,Civil,CIVIL,50,0,,,,,,,,,,
47,9,B.Tech,Mechanical,MECHANICAL,50,0,,,,,,,,,,
48,9,B.Tech,EEE,ELECTRICAL,50,0,,,,,,,,,,
49,9,B.Tech,Production,MECHANICAL,50,0,,,,,,,,,,
50,9,B.Tech,ECE,ELECTRONICS,50,0,,,,,,,,,,
51,10,B.Tech,Electronics & Communication Engineering,ELECTRONICS,60,0,,,,,,,,,,
52,10,B.Tech,Automobile Engineering,MECHANICAL,60,0,,,,,,,,,,
53,10,B.Tech,Electrical and Electronics Engineering,ELECTRICAL,60,0,,,,,,,,,,
54,10,B.Tech,Information Technology,CSE_CORE,60,0,,,,,,,,,,
55,10,B.Tech,Mechanical Engineering,MECHANICAL,60,0,,,,,,,,,,
56,10,B.Tech,Nanotechnology,OTHER,60,0,,,,,,,,,,
57,10,B.Tech,Civil Engineering,CIVIL,60,0,,,,,,,,,,
58,10,B.Tech,Avionics,OTHER,60,0,,,,,,,,,,
59,10,B.Tech,Biotechnology,BIOTECH,60,0,,,,,,,,,,
60,10,B.Tech,Electronics & Instrumentation Engineering,ELECTRONICS,60,0,,,,,,,,,,
61,10,B.Tech,Food Technology,OTHER,60,0,,,,,,,,,,
62,10,B.Tech,Aerospace Engineering,OTHER,60,0,,,,,,,,,,
63,10,B.Tech,Nuclear Science,OTHER,60,0,,,,,,,,,,
64,10,B.Tech,Aerospace + M.Tech,OTHER,60,0,,,,,,,,,,
65,10,B.Tech,Bioinformatics,OTHER,60,0,,,,,,,,,,
66,10,B.Tech,CSE (3 Continent),OTHER,60,0,,,,,,,,,,
67,10,B.Tech,ECE (3 Continent),ELECTRONICS,60,0,,,,,,,,,,
68,10,B.Tech,Mechanical (3 Continent),MECHANICAL,60,0,,,,,,,,,,
69,10,B.Tech,Civil (3 Continent),CIVIL,60,0,,,,,,,,,,
70,10,B.Tech,CSE,OTHER,60,0,,,,,,,,,,
71,10,B.Tech,Biotechnology (3 Continent),BIOTECH,60,0,,,,,,,,,,
72,10,B.Tech,Solar Energy,OTHER,60,0,,,,,,,,,,
73,10,B.Tech,Electronics & Telecommunication,ELECTRONICS,60,0,,,,,,,,,,
74,10,B.Tech,Artificial Intelligence,CSE_AI_ML,60,0,,,,,,,,,,
75,10,B.Tech,Aeronautical Engineering,OTHER,60,0,,,,,,,,,,
76,10,B.Tech,Biotechnology (International),BIOTECH,60,0,,,,,,,,,,
77,10,B.Tech,CSE (Data Science),DATA_SCIENCE,60,0,,,,,,,,,,
78,10,B.Tech,CSE (IoT & Cyber Security),CYBER_SECURITY,60,0,,,,,,,,,,
79,10,B.Tech,CSE + Social Sciences,OTHER,60,0,,,,,,,,,,
80,10,B.Tech,Defence Technology,OTHER,60,0,,,,,,,,,,
81,10,B.Tech,Robotics Engineering,ROBOTICS,60,0,,,,,,,,,,
82,10,B.Tech,CSE (International),OTHER,60,0,,,,,,,,,,
83,10,B.Tech,Petroleum Engineering,OTHER,60,0,,,,,,,,,,
84,10,B.Tech,Mechatronics Engineering,MECHANICAL,60,0,,,,,,,,,,
85,10,B.Tech,Bioinformatics (International),OTHER,60,0,,,,,,,,,,
86,10,B.Tech,CS & Business Systems,OTHER,60,0,,,,,,,,,,
87,10,B.Tech,Food Tech (International),OTHER,60,0,,,,,,,,,,
88,10,B.Tech,Electronics Engineering (VLSI),ELECTRONICS,60,0,,,,,,,,,,
89,10,B.Tech,EEE (International),ELECTRICAL,60,0,,,,,,,,,,
90,10,B.Tech,Civil (International),CIVIL,60,0,,,,,,,,,,
91,10,B.Tech,Mechanical (International),MECHANICAL,60,0,,,,,,,,,,
92,10,B.Tech,Electrical & Computer Engineering,ELECTRICAL,60,0,,,,,,,,,,
93,11,B.Tech,CSE,OTHER,60,0,,,,,,,,,,
94,11,B.Tech,Aerospace,OTHER,60,0,,,,,,,,,,
95,11,B.Tech,Civil,CIVIL,60,0,,,,,,,,,,
96,11,B.Tech,ECE,ELECTRONICS,60,0,,,,,,,,,,
97,11,B.Tech,EEE,ELECTRICAL,60,0,,,,,,,,,,
98,11,B.Tech,Mechanical,MECHANICAL,60,0,,,,,,,,,,
99,11,B.Tech,Biotechnology,BIOTECH,60,0,,,,,,,,,,
100,11,B.Tech,CSE (3 Continent),OTHER,60,0,,,,,,,,,,
101,11,B.Tech,Civil (3 Continent),CIVIL,60,0,,,,,,,,,,
102,11,B.Tech,ECE (3 Continent),ELECTRONICS,60,0,,,,,,,,,,
103,11,B.Tech,Mechanical (3 Continent),MECHANICAL,60,0,,,,,,,,,,
104,11,B.Tech,Artificial Intelligence & Machine Learning,CSE_AI_ML,60,0,,,,,,,,,,
105,11,B.Tech,Biomedical,OTHER,60,0,,,,,,,,,,
106,11,B.Tech,Defence Technology,OTHER,60,0,,,,,,,,,,
107,11,B.Tech,CSE (International),OTHER,60,0,,,,,,,,,,
108,11,B.Tech,Internet of things,OTHER,60,0,,,,,,,,,,
109,22,B.Tech,Artificial Intelligence,CSE_AI_ML,50,0,,,,,,,,,,
110,22,B.Tech,Computer Science Engineering,CSE_CORE,50,0,,,,,,,,,,
111,22,B.Tech,Electronics & Communication Engineering,ELECTRONICS,50,0,,,,,,,,,,
112,22,B.Tech,Electronics & Computer Engineering,ELECTRONICS,50,0,,,,,,,,,,
113,22,B.Tech,Engineering Physics,OTHER,50,0,,,,,,,,,,
114,22,B.Tech,Mechanical Engineering,MECHANICAL,50,0,,,,,,,,,,
115,22,B.Tech,Biotechnology,BIOTECH,50,0,,,,,,,,,,
116,23,B.Tech,CSE,OTHER,50,0,,,,,,,,,,
117,23,B.Tech,Agricultural Engineering,OTHER,50,0,,,,,,,,,,
118,23,B.Tech,Data Science,DATA_SCIENCE,50,0,,,,,,,,,,
119,23,B.Tech,Cyber Security,CYBER_SECURITY,50,0,,,,,,,,,,
120,23,B.Tech,Artificial Intelligence & Data Science,DATA_SCIENCE,50,0,,,,,,,,,,
121,23,B.Tech,Artificial Intelligence & Machine Learning,CSE_AI_ML,50,0,,,,,,,,,,
122,23,B.Tech,Big Data,DATA_SCIENCE,50,0,,,,,,,,,,
123,23,B.Tech,Biotechnology,BIOTECH,50,0,,,,,,,,,,
124,23,B.Tech,Internet of things,OTHER,50,0,,,,,,,,,,
125,23,B.Tech,Software Development,OTHER,50,0,,,,,,,,,,
126,24,B.Tech,CSE,OTHER,50,0,,,,,,,,,,
127,24,B.Tech,Electronics & Computer Engineering,ELECTRONICS,50,0,,,,,,,,,,
128,24,B.Tech,Mechanical Engineering,MECHANICAL,50,0,,,,,,,,,,
129,25,B.Tech,Civil,CIVIL,50,0,,,,,,,,,,
130,25,B.Tech,EEE,ELECTRICAL,50,0,,,,,,,,,,
131,25,B.Tech,Industrial Engineering,OTHER,50,0,,,,,,,,,,
132,25,B.Tech,ECE,ELECTRONICS,50,0,,,,,,,,,,
133,25,B.Tech,Mechanical,MECHANICAL,50,0,,,,,,,,,,
134,25,B.Tech,CSE,OTHER,50,0,,,,,,,,,,
135,25,B.Tech,Chemical,OTHER,50,0,,,,,,,,,,
136,25,B.Tech,Biotechnology,BIOTECH,50,0,,,,,,,,,,
137,25,B.Tech,Artificial Intelligence & Machine Learning,CSE_AI_ML,50,0,,,,,,,,,,
138,25,B.Tech,Data Science,DATA_SCIENCE,50,0,,,,,,,,,,
139,25,B.Tech,CSE (Data Science),DATA_SCIENCE,50,0,,,,,,,,,,
140,25,B.Tech,CSE (IoT & Cyber Security),CYBER_SECURITY,50,0,,,,,,,,,,
141,25,B.Tech,CS & Business Systems,OTHER,50,0,,,,,,,,,,
142,27,B.Tech,CSE,OTHER,50,0,,,,,,,,,,
143,27,B.Tech,CSIT,CSE_CORE,50,0,,,,,,,,,,
144,27,B.Tech,Artificial Intelligence & Machine Learning,CSE_AI_ML,50,0,,,,,,,,,,
145,27,B.Tech,ECE,ELECTRONICS,50,0,,,,,,,,,,
146,27,B.Tech,Data Science,DATA_SCIENCE,50,0,,,,,,,,,,
147,27,B.Tech,Civil,CIVIL,50,0,,,,,,,,,,
148,27,B.Tech,Cyber Security,CYBER_SECURITY,50,0,,,,,,,,,,
149,27,B.Tech,EEE,ELECTRICAL,50,0,,,,,,,,,,
150,27,B.Tech,AI,OTHER,50,0,,,,,,,,,,
151,28,B.Tech,CSE AI,OTHER,50,0,,,,,,,,,,
152,28,B.Tech,CSE,OTHER,50,0,,,,,,,,,,
153,28,B.Tech,Electrical & Computer Engineering,ELECTRICAL,50,0,,,,,,,,,,
154,28,B.Tech,Civil,CIVIL,50,0,,,,,,,,,,
155,28,B.Tech,Mechanical & Aerospace,MECHANICAL,50,0,,,,,,,,,,
156,28,B.Tech,Electronics VLSI,ELECTRONICS,50,0,,,,,,,,,,
157,28,B.Tech,Robotics ,ROBOTICS,50,0,,,,,,,,,,
158,28,B.Tech,Biotechnology,BIOTECH,50,0,,,,,,,,,,
159,28,B.Tech,ECE,ELECTRONICS,50,0,,,,,,,,,,
160,28,B.Tech,Mathematics & Computing,OTHER,50,0,,,,,,,,,,
161,29,B.Tech,Computer Science and Engineering,CSE_CORE,60,0,,,,,,,,,,
162,29,B.Tech,Food Technology Engineering,OTHER,60,0,,,,,,,,,,
163,29,B.Tech,Aerospace Engineering,OTHER,60,0,,,,,,,,,,
164,29,B.Tech,Biotechnology,BIOTECH,60,0,,,,,,,,,,
165,30,B.Tech,CSE,OTHER,60,0,,,,,,,,,,
166,30,B.Tech,Artificial Intelligence & Machine Learning,CSE_AI_ML,60,0,,,,,,,,,,
167,30,B.Tech,Cyber Security,CYBER_SECURITY,60,0,,,,,,,,,,
168,30,B.Tech,Data Science,DATA_SCIENCE,60,0,,,,,,,,,,
169,30,B.Tech,ECE,ELECTRONICS,60,0,,,,,,,,,,
170,30,B.Tech,Mechanical Engineering,MECHANICAL,60,0,,,,,,,,,,
171,30,B.Tech,Artificial Intelligence,CSE_AI_ML,60,0,,,,,,,,,,
172,31,B.Tech,CSE (AI & Future Tech),OTHER,60,0,,,,,,,,,,
173,31,B.Tech,CSE (AI & ML),CSE_AI_ML,60,0,,,,,,,,,,
174,31,B.Tech,ECE,ELECTRONICS,60,0,,,,,,,,,,
175,31,B.Tech,Electrical Engineering,ELECTRICAL,60,0,,,,,,,,,,
176,31,B.Tech,Electrical (Minor CSE),ELECTRICAL,60,0,,,,,,,,,,
177,31,B.Tech,Mechanical Engineering,MECHANICAL,60,0,,,,,,,,,,
178,31,B.Tech,Mechanical (Minor CSE),MECHANICAL,60,0,,,,,,,,,,
179,31,B.Tech,Automobile Engineering,MECHANICAL,60,0,,,,,,,,,,
180,31,B.Tech,Smart Manufacturing,OTHER,60,0,,,,,,,,,,
181,31,B.Tech,Mechatronics,MECHANICAL,60,0,,,,,,,,,,
182,31,B.Tech,Civil (AI & ML),CSE_AI_ML,60,0,,,,,,,,,,
183,32,B.Tech,CSE,OTHER,45,0,,,,,,,,,,
184,32,B.Tech,CSE (AI & ML),CSE_AI_ML,45,0,,,,,,,,,,
185,32,B.Tech,CSE (Data Science),DATA_SCIENCE,45,0,,,,,,,,,,
186,32,B.Tech,IT,OTHER,45,0,,,,,,,,,,
187,32,B.Tech,ECE,ELECTRONICS,45,0,,,,,,,,,,
188,33,B.Tech,CSE,OTHER,50,0,,,,,,,,,,
189,33,B.Tech,CSE (AI & ML),CSE_AI_ML,50,0,,,,,,,,,,
190,33,B.Tech,Cyber Security,CYBER_SECURITY,50,0,,,,,,,,,,
191,33,B.Tech,Civil,CIVIL,50,0,,,,,,,,,,
192,33,B.Tech,Mechanical,MECHANICAL,50,0,,,,,,,,,,
193,34,B.Tech,CSE,OTHER,45,0,,,,,,,,,,
194,34,B.Tech,CSE (AI & ML),CSE_AI_ML,45,0,,,,,,,,,,
195,34,B.Tech,CSE (Data Science),DATA_SCIENCE,45,0,,,,,,,,,,
196,34,B.Tech,ECE,ELECTRONICS,45,0,,,,,,,,,,
197,34,B.Tech,Mechanical,MECHANICAL,45,0,,,,,,,,,,
198,35,B.Tech,CSE,OTHER,50,0,,,,,,,,,,
199,35,B.Tech,CSE (AI & ML),CSE_AI_ML,50,0,,,,,,,,,,
200,35,B.Tech,Civil,CIVIL,45,0,,,,,,,,,,
201,35,B.Tech,Mechanical,MECHANICAL,45,0,,,,,,,,,,
202,36,B.Tech,CSE,OTHER,45,0,,,,,,,,,,
203,36,B.Tech,CSE (AI),OTHER,45,0,,,,,,,,,,
204,36,B.Tech,ECE,ELECTRONICS,45,0,,,,,,,,,,
205,37,B.Tech,CSE,OTHER,60,0,,,,,,,,,,
206,37,B.Tech,IT,OTHER,60,0,,,,,,,,,,
207,37,B.Tech,ECE,ELECTRONICS,50,0,,,,,,,,,,
208,37,B.Tech,Mechanical,MECHANICAL,50,0,,,,,,,,,,
209,38,B.Tech,CSE,OTHER,50,0,,,,,,,,,,
210,39,B.Tech,CSE,OTHER,50,0,,,,,,,,,,
211,39,B.Tech,CSE (AI & DS),DATA_SCIENCE,50,0,,,,,,,,,,
212,39,B.Tech,Mechanical,MECHANICAL,50,0,,,,,,,,,,
213,40,B.Tech,CSE,OTHER,45,0,,,,,,,,,,
214,40,B.Tech,AI,OTHER,45,0,,,,,,,,,,
215,40,B.Tech,Civil,CIVIL,45,0,,,,,,,,,,
216,41,B.Tech,CSE,OTHER,45,0,,,,,,,,,,
217,41,B.Tech,IT,OTHER,45,0,,,,,,,,,,
218,41,B.Tech,Robotics,ROBOTICS,45,0,,,,,,,,,,
219,42,B.Tech,CSE,OTHER,60,0,,,,,,,,,,
220,42,B.Tech,CSE (AI & ML),CSE_AI_ML,60,0,,,,,,,,,,
221,42,B.Tech,ECE(IoT),ELECTRONICS,60,0,,,,,,,,,,
222,43,B.Tech,CSE,OTHER,60,0,,,,,,,,,,
223,43,B.Tech,CSE (AI & ML),CSE_AI_ML,60,0,,,,,,,,,,
224,43,B.Tech,Mechanical,MECHANICAL,60,0,,,,,,,,,,
225,44,B.Tech,CSE,OTHER,60,0,,,,,,,,,,
226,44,B.Tech,CSE (AI & ML),CSE_AI_ML,60,0,,,,,,,,,,
227,45,B.Tech,CSE,OTHER,60,0,,,,,,,,,,
228,45,B.Tech,ECE,ELECTRONICS,60,0,,,,,,,,,,
229,46,B.Tech,CSE,OTHER,60,0,,,,,,,,,,
230,46,B.Tech,CSE (AI & ML),CSE_AI_ML,60,0,,,,,,,,,,
231,46,B.Tech,Electronics & Computer Engg,ELECTRONICS,60,0,,,,,,,,,,
232,47,B.Tech,Computer Science,CSE_CORE,60,0,,,,,,,,,,
233,47,B.Tech,Electronics & Communication (VLSI),ELECTRONICS,60,0,,,,,,,,,,
234,47,B.Tech,CSE (AIML),CSE_AI_ML,60,0,,,,,,,,,,
235,48,B.Tech,ECE,ELECTRONICS,50,0,,,,,,,,,,
236,48,B.Tech,EEE,ELECTRICAL,50,0,,,,,,,,,,
237,48,B.Tech,Mechanical,MECHANICAL,50,0,,,,,,,,,,
238,48,B.Tech,Civil,CIVIL,50,0,,,,,,,,,,
239,48,B.Tech,Automobile,MECHANICAL,50,0,,,,,,,,,,
240,48,B.Tech,Mining,OTHER,50,0,,,,,,,,,,
241,49,B.Tech,Civil,CIVIL,50,0,,,,,,,,,,
242,49,B.Tech,Electrical,ELECTRICAL,50,0,,,,,,,,,,
243,49,B.Tech,Mechanical,MECHANICAL,50,0,,,,,,,,,,
244,49,B.Tech,Petroleum,OTHER,50,0,,,,,,,,,,
245,49,B.Tech,Biotechnology,BIOTECH,50,0,,,,,,,,,,
246,49,B.Tech,CSE,OTHER,50,0,,,,,,,,,,
247,49,B.Tech,ECE (VLSI),ELECTRONICS,50,0,,,,,,,,,,
248,49,B.Tech,CSE (Data Science),DATA_SCIENCE,50,0,,,,,,,,,,
249,49,B.Tech,CSE (Cyber Security),CYBER_SECURITY,50,0,,,,,,,,,,
250,49,B.Tech,CSE (AI & ML),CSE_AI_ML,50,0,,,,,,,,,,
251,50,B.Tech,Civil,CIVIL,50,0,,,,,,,,,,
252,50,B.Tech,Mechanical,MECHANICAL,50,0,,,,,,,,,,
253,50,B.Tech,Petroleum,OTHER,50,0,,,,,,,,,,
254,50,B.Tech,Electrical,ELECTRICAL,50,0,,,,,,,,,,
255,50,B.Tech,CSE,OTHER,50,0,,,,,,,,,,
256,50,B.Tech,CSE (AI & ML),CSE_AI_ML,50,0,,,,,,,,,,
257,50,B.Tech,CSE (Data Analytics),DATA_SCIENCE,50,0,,,,,,,,,,
258,50,B.Tech,CSE (Bioinformatics),OTHER,50,0,,,,,,,,,,
259,51,B.Tech,CSE,OTHER,50,0,,,,,,,,,,
260,51,B.Tech,CSE (AI & ML),CSE_AI_ML,50,0,,,,,,,,,,
261,51,B.Tech,CSE (Data Science),DATA_SCIENCE,50,0,,,,,,,,,,
262,51,B.Tech,IT,OTHER,50,0,,,,,,,,,,
263,51,B.Tech,Robotics,ROBOTICS,50,0,,,,,,,,,,
264,51,B.Tech,ECE,ELECTRONICS,50,0,,,,,,,,,,
265,51,B.Tech,Biotechnology,BIOTECH,50,0,,,,,,,,,,
266,52,B.Tech,CSE,OTHER,50,0,,,,,,,,,,
267,52,B.Tech,CSE (AI & ML),CSE_AI_ML,50,0,,,,,,,,,,
268,52,B.Tech,CSE (Cyber Security),CYBER_SECURITY,50,0,,,,,,,,,,
269,52,B.Tech,IT,OTHER,50,0,,,,,,,,,,
270,52,B.Tech,ECE,ELECTRONICS,50,0,,,,,,,,,,
271,52,B.Tech,Mechanical,MECHANICAL,50,0,,,,,,,,,,
272,52,B.Tech,Civil,CIVIL,50,0,,,,,,,,,,
273,53,B.Tech,CSE ,OTHER,50,0,,,,,,,,,,
274,53,B.Tech,CSE (AI & ML),CSE_AI_ML,50,0,,,,,,,,,,
275,53,B.Tech,CSE (Cyber Security) ,CYBER_SECURITY,50,0,,,,,,,,,,
276,53,B.Tech,AI & DS ,DATA_SCIENCE,50,0,,,,,,,,,,
277,53,B.Tech,Mechanical (Robotics) ,ROBOTICS,50,0,,,,,,,,,,
278,53,B.Tech,ECE ,ELECTRONICS,50,0,,,,,,,,,,
279,54,B.Tech,CSE,OTHER,70,0,,,,,,,,,,
280,54,B.Tech,CSE (AI & ML),CSE_AI_ML,70,0,,,,,,,,,,
281,54,B.Tech,Cyber Security,CYBER_SECURITY,70,0,,,,,,,,,,
282,54,B.Tech,Mechanical,MECHANICAL,70,0,,,,,,,,,,
283,54,B.Tech,EEE,ELECTRICAL,70,0,,,,,,,,,,
284,54,B.Tech,Civil,CIVIL,70,0,,,,,,,,,,
285,55,B.Tech,CSE,OTHER,60,0,,,,,,,,,,
286,55,B.Tech,CSE (AI & ML),CSE_AI_ML,60,0,,,,,,,,,,
287,55,B.Tech,Data Science,DATA_SCIENCE,60,0,,,,,,,,,,
288,55,B.Tech,Cyber Security,CYBER_SECURITY,60,0,,,,,,,,,,
289,55,B.Tech,ECE,ELECTRONICS,60,0,,,,,,,,,,
290,55,B.Tech,Mechanical,MECHANICAL,60,0,,,,,,,,,,
291,55,B.Tech,Civil,CIVIL,60,0,,,,,,,,,,
292,56,B.Tech,CSE,OTHER,70,70,,,,,,,,,,
293,56,B.Tech,AI / IoT / Cloud,OTHER,70,70,,,,,,,,,,
294,56,B.Tech,Core (CE/EE/ME),OTHER,70,70,,,,,,,,,,
295,56,B.Tech,Robotics,ROBOTICS,70,70,,,,,,,,,,
296,57,B.Tech,Civil,CIVIL,80,0,,,,,,,,,,
297,57,B.Tech,Mechanical,MECHANICAL,80,0,,,,,,,,,,
298,57,B.Tech,ECE,ELECTRONICS,80,0,,,,,,,,,,
299,57,B.Tech,Electrical,ELECTRICAL,80,0,,,,,,,,,,
300,57,B.Tech,CSE,OTHER,80,0,,,,,,,,,,
301,57,B.Tech,CSE (AI & ML),CSE_AI_ML,80,0,,,,,,,,,,
302,57,B.Tech,CSE (Cyber Security),CYBER_SECURITY,80,0,,,,,,,,,,
303,57,B.Tech,Data Science,DATA_SCIENCE,80,0,,,,,,,,,,
304,58,B.Tech,CSE,OTHER,80,75,,,,,,,,,,
305,58,B.Tech,AI,OTHER,80,75,,,,,,,,,,
306,58,B.Tech,Data Science,DATA_SCIENCE,80,75,,,,,,,,,,
307,58,B.Tech,ECE,ELECTRONICS,80,75,,,,,,,,,,
308,58,B.Tech,Renewable Energy,OTHER,80,75,,,,,,,,,,
309,58,B.Tech,Robotics,ROBOTICS,80,75,,,,,,,,,,
310,58,B.Tech,Smart Cities,OTHER,80,75,,,,,,,,,,
311,59,B.Tech,CSE,OTHER,50,0,,,,,,,,,,
312,59,B.Tech,CSE (AI & ML),CSE_AI_ML,50,0,,,,,,,,,,
313,59,B.Tech,CSE (Cyber Security),CYBER_SECURITY,50,0,,,,,,,,,,
314,59,B.Tech,Data Science,DATA_SCIENCE,50,0,,,,,,,,,,
315,59,B.Tech,Mechanical,MECHANICAL,50,0,,,,,,,,,,
316,59,B.Tech,Civil,CIVIL,50,0,,,,,,,,,,
317,59,B.Tech,ECE,ELECTRONICS,50,0,,,,,,,,,,
318,60,B.Tech,CSE,OTHER,50,0,,,,,,,,,,
319,60,B.Tech,CSE (AI & ML),CSE_AI_ML,50,0,,,,,,,,,,
320,60,B.Tech,Cyber Security,CYBER_SECURITY,50,0,,,,,,,,,,
321,60,B.Tech,ECE,ELECTRONICS,50,0,,,,,,,,,,
322,60,B.Tech,Biotechnology,BIOTECH,50,0,,,,,,,,,,
323,61,B.Tech,CSE,OTHER,75,90,,,,,,,,,,
324,61,B.Tech,CSE (AI & ML),CSE_AI_ML,75,90,,,,,,,,,,
325,61,B.Tech,CSE (AI & DS),DATA_SCIENCE,75,90,,,,,,,,,,
326,61,B.Tech,Cyber Security,CYBER_SECURITY,75,90,,,,,,,,,,
327,61,B.Tech,ICT,OTHER,75,90,,,,,,,,,,
328,62,B.Tech,CSE,OTHER,60,70,,,,,,,,,,
329,62,B.Tech,Electrical,ELECTRICAL,60,70,,,,,,,,,,
330,62,B.Tech,Civil,CIVIL,60,70,,,,,,,,,,
331,62,B.Tech,Mechanical,MECHANICAL,60,70,,,,,,,,,,
332,62,B.Tech,Automobile,MECHANICAL,60,70,,,,,,,,,,
333,63,B.Tech,CSE,OTHER,85,75,,,,,,,,,,
334,63,B.Tech,CSE (AI & ML),CSE_AI_ML,85,75,,,,,,,,,,
335,63,B.Tech,CSE (Cyber Security),CYBER_SECURITY,85,75,,,,,,,,,,
336,63,B.Tech,Data Science,DATA_SCIENCE,85,75,,,,,,,,,,
337,63,B.Tech,Robotics,ROBOTICS,85,75,,,,,,,,,,
338,64,B.Tech,CSE,OTHER,60,50,,,,,,,,,,
339,64,B.Tech,AI & DS,DATA_SCIENCE,60,50,,,,,,,,,,
340,64,B.Tech,IT,OTHER,60,50,,,,,,,,,,
341,64,B.Tech,ECE,ELECTRONICS,60,50,,,,,,,,,,
342,64,B.Tech,Core Engineering,OTHER,60,50,,,,,,,,,,
343,65,B.Tech,CSE,OTHER,50,0,,,,,,,,,,
344,65,B.Tech,CSE (AI & ML),CSE_AI_ML,50,0,,,,,,,,,,
345,65,B.Tech,Data Science,DATA_SCIENCE,50,0,,,,,,,,,,
346,65,B.Tech,Cyber Security,CYBER_SECURITY,50,0,,,,,,,,,,
347,65,B.Tech,Mechanical,MECHANICAL,50,0,,,,,,,,,,
348,65,B.Tech,ECE,ELECTRONICS,50,0,,,,,,,,,,
349,65,B.Tech,Quantum Computing,OTHER,50,0,,,,,,,,,,
350,66,B.Tech,AI & DS,DATA_SCIENCE,60,0,,,,,,,,,,
351,66,B.Tech,Food Technology,OTHER,60,0,,,,,,,,,,
352,66,B.Tech,Biotechnology,BIOTECH,60,0,,,,,,,,,,
353,66,B.Tech,Chemical,OTHER,60,0,,,,,,,,,,
354,67,B.Tech,CSE,OTHER,80,0,,,,,,,,,,
355,67,B.Tech,CSE (AI & ML),CSE_AI_ML,80,0,,,,,,,,,,
356,67,B.Tech,Cyber Security,CYBER_SECURITY,80,0,,,,,,,,,,
357,67,B.Tech,AI & DS,DATA_SCIENCE,80,0,,,,,,,,,,
358,67,B.Tech,Mechanical,MECHANICAL,80,0,,,,,,,,,,
359,67,B.Tech,Civil,CIVIL,80,0,,,,,,,,,,
360,67,B.Tech,ECE,ELECTRONICS,80,0,,,,,,,,,,
361,67,B.Tech,Robotics and Automation,ROBOTICS,80,0,,,,,,,,,,
362,67,B.Tech,Biotechnology,BIOTECH,80,0,,,,,,,,,,
363,68,B.Tech,CSE,OTHER,50,0,,,,,,,,,,
364,68,B.Tech,AI & ML,CSE_AI_ML,50,0,,,,,,,,,,
365,68,B.Tech,EEE,ELECTRICAL,50,0,,,,,,,,,,
366,68,B.Tech,ECE,ELECTRONICS,50,0,,,,,,,,,,
367,68,B.Tech,Pharma Engineering,OTHER,50,0,,,,,,,,,,
368,69,B.Tech,CSE,OTHER,50,0,,,,,,,,,,
369,69,B.Tech,CSE (AI & ML),CSE_AI_ML,50,0,,,,,,,,,,
370,69,B.Tech,Data Science,DATA_SCIENCE,50,0,,,,,,,,,,
371,69,B.Tech,Cyber Security,CYBER_SECURITY,50,0,,,,,,,,,,
372,69,B.Tech,IT,OTHER,50,0,,,,,,,,,,
373,69,B.Tech,Mechanical,MECHANICAL,50,0,,,,,,,,,,
374,69,B.Tech,Civil,CIVIL,50,0,,,,,,,,,,
375,69,B.Tech,ECE,ELECTRONICS,50,0,,,,,,,,,,
376,70,B.Tech,AI & DS,DATA_SCIENCE,70,80,,,,,,,,,,
377,70,B.Tech,Biotechnology,BIOTECH,70,80,,,,,,,,,,
378,70,B.Tech,Civil,CIVIL,70,80,,,,,,,,,,
379,70,B.Tech,CSE,OTHER,70,80,,,,,,,,,,
380,70,B.Tech,CS & IT,OTHER,70,80,,,,,,,,,,
381,70,B.Tech,EEE,ELECTRICAL,70,80,,,,,,,,,,
382,70,B.Tech,ECE,ELECTRONICS,70,80,,,,,,,,,,
383,70,B.Tech,IoT,OTHER,70,80,,,,,,,,,,
384,70,B.Tech,Mechanical,MECHANICAL,70,80,,,,,,,,,,
385,71,B.Tech,ECE,ELECTRONICS,70,80,,,,,,,,,,
386,71,B.Tech,CSE,OTHER,70,80,,,,,,,,,,
387,71,B.Tech,AI & DS,DATA_SCIENCE,70,80,,,,,,,,,,
388,71,B.Tech,CS & IT,OTHER,70,80,,,,,,,,,,
389,72,B.Tech,CSE (AI & ML),CSE_AI_ML,70,0,,,,,,,,,,
390,72,B.Tech,Cyber Security,CYBER_SECURITY,70,0,,,,,,,,,,
391,72,B.Tech,Data Science,DATA_SCIENCE,70,0,,,,,,,,,,
392,72,B.Tech,IoT,OTHER,70,0,,,,,,,,,,
393,72,B.Tech,IT,OTHER,70,0,,,,,,,,,,
394,72,B.Tech,Civil,CIVIL,70,0,,,,,,,,,,
395,72,B.Tech,ECE,ELECTRONICS,70,0,,,,,,,,,,
396,72,B.Tech,Mechanical,MECHANICAL,70,0,,,,,,,,,,
397,72,B.Tech,Core CSE,OTHER,70,0,,,,,,,,,,
398,73,B.Tech,CSE,OTHER,50,85,,,,,,,,,,
399,73,B.Tech,CSE (AI & ML),CSE_AI_ML,50,85,,,,,,,,,,
400,73,B.Tech,Data Science,DATA_SCIENCE,50,85,,,,,,,,,,
401,73,B.Tech,Cyber Security,CYBER_SECURITY,50,85,,,,,,,,,,
402,73,B.Tech,IT,OTHER,50,85,,,,,,,,,,
403,73,B.Tech,Mechanical,MECHANICAL,50,85,,,,,,,,,,
404,73,B.Tech,Civil,CIVIL,50,85,,,,,,,,,,
405,73,B.Tech,ECE,ELECTRONICS,50,85,,,,,,,,,,
406,73,B.Tech,Robotics,ROBOTICS,50,85,,,,,,,,,,
407,73,B.Tech,Biotechnology,BIOTECH,50,85,,,,,,,,,,
408,74,B.Tech,CSE,OTHER,50,0,,,,,,,,,,
409,74,B.Tech,AI & ML,CSE_AI_ML,50,0,,,,,,,,,,
410,74,B.Tech,EEE,ELECTRICAL,50,0,,,,,,,,,,
411,74,B.Tech,Mechanical,MECHANICAL,50,0,,,,,,,,,,
412,74,B.Tech,Aerospace,OTHER,50,0,,,,,,,,,,
413,74,B.Tech,Mathematics & Computing,OTHER,50,0,,,,,,,,,,
414,74,B.Tech,Robotics,ROBOTICS,50,0,,,,,,,,,,
415,74,B.Tech,Automotive,OTHER,50,0,,,,,,,,,,
416,74,B.Tech,ECE,ELECTRONICS,50,0,,,,,,,,,,
417,74,B.Tech,Information Science,CSE_CORE,50,0,,,,,,,,,,
418,74,B.Tech,Civil,CIVIL,50,0,,,,,,,,,,
419,75,B.Tech,CSE,OTHER,50,0,,,,,,,,,,
420,75,B.Tech,AI,OTHER,50,0,,,,,,,,,,
421,75,B.Tech,Data Science,DATA_SCIENCE,50,0,,,,,,,,,,
422,75,B.Tech,ECE,ELECTRONICS,50,0,,,,,,,,,,
423,75,B.Tech,Mechanical,MECHANICAL,50,0,,,,,,,,,,
424,75,B.Tech,Mechatronics,MECHANICAL,50,0,,,,,,,,,,
425,75,B.Tech,Civil,CIVIL,50,0,,,,,,,,,,
426,75,B.Tech,Aerospace,OTHER,50,0,,,,,,,,,,
427,75,B.Tech,Biotechnology,BIOTECH,50,0,,,,,,,,,,
428,76,B.Tech,CSE,OTHER,60,50,,,,,,,,,,
429,76,B.Tech,CSE (AI & ML),CSE_AI_ML,60,50,,,,,,,,,,
430,76,B.Tech,Cyber Security,CYBER_SECURITY,60,50,,,,,,,,,,
431,76,B.Tech,Data Science,DATA_SCIENCE,60,50,,,,,,,,,,
432,76,B.Tech,ECE,ELECTRONICS,60,50,,,,,,,,,,
433,76,B.Tech,IT,OTHER,60,50,,,,,,,,,,
434,76,B.Tech,IoT,OTHER,60,50,,,,,,,,,,
435,76,B.Tech,Blockchain,OTHER,60,50,,,,,,,,,,
436,76,B.Tech,VR & AR,OTHER,60,50,,,,,,,,,,
437,77,B.Tech,Civil,CIVIL,50,0,,,,,,,,,,
438,77,B.Tech,Mechanical ,MECHANICAL,50,0,,,,,,,,,,
439,77,B.Tech,Mechanical (AI & ML),CSE_AI_ML,50,0,,,,,,,,,,
440,77,B.Tech,EEE,ELECTRICAL,50,0,,,,,,,,,,
441,77,B.Tech,ECE,ELECTRONICS,50,0,,,,,,,,,,
442,77,B.Tech,CSE,OTHER,50,0,,,,,,,,,,
443,77,B.Tech,CSE (AI & ML),CSE_AI_ML,50,0,,,,,,,,,,
444,77,B.Tech,Cyber Security,CYBER_SECURITY,50,0,,,,,,,,,,
445,77,B.Tech,Data Science,DATA_SCIENCE,50,0,,,,,,,,,,
446,78,B.Tech,CSE,OTHER,50,0,,,,,,,,,,
447,78,B.Tech,CSE (AI),OTHER,50,0,,,,,,,,,,
448,78,B.Tech,CSE (AI & DS),DATA_SCIENCE,50,0,,,,,,,,,,
449,78,B.Tech,CSE (AI & ML),CSE_AI_ML,50,0,,,,,,,,,,
450,78,B.Tech,CSE (Cyber Security),CYBER_SECURITY,50,0,,,,,,,,,,
451,78,B.Tech,ICT,OTHER,50,0,,,,,,,,,,
452,78,B.Tech,ECE,ELECTRONICS,50,0,,,,,,,,,,
453,78,B.Tech,ECE (AI & ML),CSE_AI_ML,50,0,,,,,,,,,,
454,78,B.Tech,Bioinformatics,OTHER,50,0,,,,,,,,,,
455,78,B.Tech,Chemical,OTHER,50,0,,,,,,,,,,
456,78,B.Tech,Civil,CIVIL,50,0,,,,,,,,,,
457,78,B.Tech,Electrical,ELECTRICAL,50,0,,,,,,,,,,
458,78,B.Tech,Mechanical,MECHANICAL,50,0,,,,,,,,,,
459,78,B.Tech,Mechanical (Robotics),ROBOTICS,50,0,,,,,,,,,,
460,79,B.Tech,CSE,OTHER,50,0,,,,,,,,,,
461,79,B.Tech,ECE,ELECTRONICS,50,0,,,,,,,,,,
462,79,B.Tech,Civil,CIVIL,50,0,,,,,,,,,,
463,79,B.Tech,Mechanical,MECHANICAL,50,0,,,,,,,,,,
464,79,B.Tech,Chemical,OTHER,50,0,,,,,,,,,,
465,79,B.Tech,EEE,ELECTRICAL,50,0,,,,,,,,,,
466,79,B.Tech,IT,OTHER,50,0,,,,,,,,,,
467,79,B.Tech,AI & ML,CSE_AI_ML,50,0,,,,,,,,,,
468,79,B.Tech,Data Science,DATA_SCIENCE,50,0,,,,,,,,,,
469,79,B.Tech,Cyber Security,CYBER_SECURITY,50,0,,,,,,,,,,
470,80,B.Tech,Computer Science,CSE_CORE,50,0,,,,,,,,,,
471,80,B.Tech,Mechanical,MECHANICAL,50,0,,,,,,,,,,
472,80,B.Tech,Civil,CIVIL,50,0,,,,,,,,,,
473,80,B.Tech,ECE,ELECTRONICS,50,0,,,,,,,,,,
474,80,B.Tech,AI,OTHER,50,0,,,,,,,,,,
475,80,B.Tech,Data Science,DATA_SCIENCE,50,0,,,,,,,,,,
476,81,B.Tech,Aeronautical Engineering,OTHER,50,0,,,,,,,,,,
477,81,B.Tech,Artificial Intelligence & Data Science,DATA_SCIENCE,50,0,,,,,,,,,,
478,81,B.Tech,Artificial Intelligence & Machine Learning,CSE_AI_ML,50,0,,,,,,,,,,
479,81,B.Tech,Civil Engineering,CIVIL,50,0,,,,,,,,,,
480,81,B.Tech,Computer Science & Engineering,CSE_CORE,50,0,,,,,,,,,,
481,81,B.Tech,Computer Science & Business Systems,CSE_CORE,50,0,,,,,,,,,,
482,81,B.Tech,Computer Science (Cyber Security),CYBER_SECURITY,50,0,,,,,,,,,,
483,81,B.Tech,Electrical & Electronics Engineering,ELECTRICAL,50,0,,,,,,,,,,
484,81,B.Tech,Electronics & Communication Engineering,ELECTRONICS,50,0,,,,,,,,,,
485,81,B.Tech,Information Science & Engineering,CSE_CORE,50,0,,,,,,,,,,
486,81,B.Tech,Mechanical Engineering,MECHANICAL,50,0,,,,,,,,,,
487,81,B.Tech,Robotics & Artificial Intelligence,CSE_AI_ML,50,0,,,,,,,,,,
488,82,B.Tech,Computer Engineering,OTHER,50,0,,,,,,,,,,
489,82,B.Tech,Mechanical Engineering,MECHANICAL,50,0,,,,,,,,,,
490,82,B.Tech,Information Technology,CSE_CORE,50,0,,,,,,,,,,
491,82,B.Tech,Electronics and Telecommunication Engineering,ELECTRONICS,50,0,,,,,,,,,,
492,82,B.Tech,Mechatronics Engineering,MECHANICAL,50,0,,,,,,,,,,
493,82,B.Tech,Computer Science and Business System,CSE_CORE,50,0,,,,,,,,,,
494,83,B.Tech,CSE,OTHER,50,0,,,,,,,,,,
495,83,B.Tech,CSE (AI),OTHER,50,0,,,,,,,,,,
496,83,B.Tech,CSE (AI & ML),CSE_AI_ML,50,0,,,,,,,,,,
497,83,B.Tech,Data Science,DATA_SCIENCE,50,0,,,,,,,,,,
498,83,B.Tech,Cyber Security,CYBER_SECURITY,50,0,,,,,,,,,,
499,83,B.Tech,IT,OTHER,50,0,,,,,,,,,,
500,83,B.Tech,ECE,ELECTRONICS,50,0,,,,,,,,,,
501,83,B.Tech,Electrical,ELECTRICAL,50,0,,,,,,,,,,
502,83,B.Tech,Mechanical,MECHANICAL,50,0,,,,,,,,,,
503,83,B.Tech,Civil,CIVIL,50,0,,,,,,,,,,
504,83,B.Tech,Chemical,OTHER,50,0,,,,,,,,,,
505,83,B.Tech,Biotechnology,BIOTECH,50,0,,,,,,,,,,
506,83,B.Tech,Robotics,ROBOTICS,50,0,,,,,,,,,,
507,83,B.Tech,Mechatronics,MECHANICAL,50,0,,,,,,,,,,
508,83,B.Tech,Aerospace,OTHER,50,0,,,,,,,,,,
509,83,B.Tech,Automobile,MECHANICAL,50,0,,,,,,,,,,
510,83,B.Tech,Food Technology,OTHER,50,0,,,,,,,,,,
511,83,B.Tech,Biomedical,OTHER,50,0,,,,,,,,,,
512,84,B.Tech,CSE,OTHER,50,0,,,,,,,,,,
513,84,B.Tech,AI & ML,CSE_AI_ML,50,0,,,,,,,,,,
514,84,B.Tech,ECE,ELECTRONICS,50,0,,,,,,,,,,
515,84,B.Tech,Mechanical,MECHANICAL,50,0,,,,,,,,,,
516,84,B.Tech,EEE,ELECTRICAL,50,0,,,,,,,,,,
517,84,B.Tech,Biotechnology,BIOTECH,50,0,,,,,,,,,,
518,85,B.Tech,CS & AI,OTHER,50,0,,,,,,,,,,
519,85,B.Tech,Data Science & Economics,DATA_SCIENCE,50,0,,,,,,,,,,
520,85,B.Tech,Biological Systems,OTHER,50,0,,,,,,,,,,
521,85,B.Tech,Robotics & Autonomous Systems,ROBOTICS,50,0,,,,,,,,,,
522,86,B.Tech,CSE,OTHER,50,0,,,,,,,,,,
523,86,B.Tech,CSE (AI),OTHER,50,0,,,,,,,,,,
524,86,B.Tech,CSE (AI & ML),CSE_AI_ML,50,0,,,,,,,,,,
525,86,B.Tech,CSE (Cyber Security),CYBER_SECURITY,50,0,,,,,,,,,,
526,86,B.Tech,CSE(AI & DS),DATA_SCIENCE,50,0,,,,,,,,,,
527,87,B.Tech,CSE,OTHER,50,0,,,,,,,,,,
528,87,B.Tech,CSE (AI & ML),CSE_AI_ML,50,0,,,,,,,,,,
529,87,B.Tech,Cyber Security,CYBER_SECURITY,50,0,,,,,,,,,,
530,87,B.Tech,Data Science,DATA_SCIENCE,50,0,,,,,,,,,,
531,87,B.Tech,IT,OTHER,50,0,,,,,,,,,,
532,87,B.Tech,Civil,CIVIL,50,0,,,,,,,,,,
533,87,B.Tech,Mechanical,MECHANICAL,50,0,,,,,,,,,,
534,87,B.Tech,Chemical,OTHER,50,0,,,,,,,,,,
535,87,B.Tech,ECE,ELECTRONICS,50,0,,,,,,,,,,
536,87,B.Tech,Electrical,ELECTRICAL,50,0,,,,,,,,,,
537,88,B.Tech,CSE,OTHER,80,80,,,,,,,,,,
538,88,B.Tech,CSE (AI & ML),CSE_AI_ML,80,80,,,,,,,,,,
539,88,B.Tech,Data Science,DATA_SCIENCE,80,80,,,,,,,,,,
540,88,B.Tech,Cyber Security,CYBER_SECURITY,80,80,,,,,,,,,,
541,88,B.Tech,IT,OTHER,80,80,,,,,,,,,,
542,88,B.Tech,ECE,ELECTRONICS,80,80,,,,,,,,,,
543,88,B.Tech,EEE,ELECTRICAL,80,80,,,,,,,,,,
544,88,B.Tech,Mechanical,MECHANICAL,80,80,,,,,,,,,,
545,88,B.Tech,Civil,CIVIL,80,80,,,,,,,,,,
546,88,B.Tech,AI & Robotics,ROBOTICS,80,80,,,,,,,,,,
547,89,B.Tech,CSE,OTHER,50,0,,,,,,,,,,
548,89,B.Tech,CSE (AI & ML),CSE_AI_ML,50,0,,,,,,,,,,
549,89,B.Tech,CSE (Cyber Security),CYBER_SECURITY,50,0,,,,,,,,,,
550,89,B.Tech,IT,OTHER,50,0,,,,,,,,,,
551,89,B.Tech,ECE,ELECTRONICS,50,0,,,,,,,,,,
552,89,B.Tech,EEE,ELECTRICAL,50,0,,,,,,,,,,
553,89,B.Tech,Mechanical,MECHANICAL,50,0,,,,,,,,,,
554,89,B.Tech,Civil,CIVIL,50,0,,,,,,,,,,
555,89,B.Tech,Biotechnology,BIOTECH,50,0,,,,,,,,,,
556,89,B.Tech,Mechatronics,MECHANICAL,50,0,,,,,,,,,,
557,89,B.Tech,Robotics,ROBOTICS,50,0,,,,,,,,,,
558,90,B.Tech,CSE,OTHER,60,60,,,,,,,,,,
559,90,B.Tech,Cyber Security,CYBER_SECURITY,60,60,,,,,,,,,,
560,90,B.Tech,Data Science,DATA_SCIENCE,60,60,,,,,,,,,,
561,90,B.Tech,AI & ML,CSE_AI_ML,60,60,,,,,,,,,,
562,90,B.Tech,Information Science,CSE_CORE,60,60,,,,,,,,,,
563,90,B.Tech,ECE,ELECTRONICS,60,60,,,,,,,,,,
564,91,B.Tech,CSE,OTHER,50,50,,,,,,,,,,
565,91,B.Tech,AI & ML,CSE_AI_ML,50,50,,,,,,,,,,
566,91,B.Tech,Data Science,DATA_SCIENCE,50,50,,,,,,,,,,
567,91,B.Tech,Cyber Security,CYBER_SECURITY,50,50,,,,,,,,,,
568,91,B.Tech,ECE,ELECTRONICS,50,50,,,,,,,,,,
569,91,B.Tech,Mechanical,MECHANICAL,50,50,,,,,,,,,,
570,91,B.Tech,Civil,CIVIL,50,50,,,,,,,,,,
571,91,B.Tech,Robotics,ROBOTICS,50,50,,,,,,,,,,
572,91,B.Tech,Aerospace,OTHER,50,50,,,,,,,,,,
573,91,B.Tech,IT,OTHER,50,50,,,,,,,,,,
574,92,B.Tech,CSE (AI & ML),CSE_AI_ML,70,0,,,,,,,,,,
575,92,B.Tech,Data Science,DATA_SCIENCE,70,0,,,,,,,,,,
576,92,B.Tech,Cloud Computing,OTHER,70,0,,,,,,,,,,
577,92,B.Tech,Cyber Security,CYBER_SECURITY,70,0,,,,,,,,,,
578,93,B.Tech,CSE,OTHER,80,0,,,,,,,,,,
579,93,B.Tech,AI & ML,CSE_AI_ML,80,0,,,,,,,,,,
580,93,B.Tech,Data Science,DATA_SCIENCE,80,0,,,,,,,,,,
581,93,B.Tech,Cyber Security,CYBER_SECURITY,80,0,,,,,,,,,,
582,94,B.Tech,Aerospace Engineering,OTHER,50,0,,,,,,,,,,
583,94,B.Tech,Aeronautical,OTHER,50,0,,,,,,,,,,
584,94,B.Tech,Artificial Intelligence ,CSE_AI_ML,50,0,,,,,,,,,,
585,94,B.Tech,Robotics & Automation,ROBOTICS,50,0,,,,,,,,,,
586,94,B.Tech,Automobile Engineering,MECHANICAL,50,0,,,,,,,,,,
587,94,B.Tech,Automobile (Automotive Electronics),MECHANICAL,50,0,,,,,,,,,,
588,94,B.Tech,Biomedical Engineering,OTHER,50,0,,,,,,,,,,
589,95,B.Tech,CSE,OTHER,50,0,,,,,,,,,,
590,95,B.Tech,AI,OTHER,50,0,,,,,,,,,,
591,95,B.Tech,CSE (Data Science),DATA_SCIENCE,50,0,,,,,,,,,,
592,95,B.Tech,CSE (Cyber Security),CYBER_SECURITY,50,0,,,,,,,,,,
593,95,B.Tech,Mechanical Engineering,MECHANICAL,50,0,,,,,,,,,,
594,95,B.Tech,Civil Engineering,CIVIL,50,0,,,,,,,,,,
595,95,B.Tech,ECE,ELECTRONICS,50,0,,,,,,,,,,
596,96,B.Tech,CSE,OTHER,50,0,,,,,,,,,,
597,96,B.Tech,CSE (AI & ML),CSE_AI_ML,50,0,,,,,,,,,,
598,96,B.Tech,CSE (Big Data Analytics),DATA_SCIENCE,50,0,,,,,,,,,,
599,96,B.Tech,CSE (Cyber Security),CYBER_SECURITY,50,0,,,,,,,,,,
600,96,B.Tech,Mechanical,MECHANICAL,50,0,,,,,,,,,,
601,96,B.Tech,ECE,ELECTRONICS,50,0,,,,,,,,,,
602,97,B.Tech,CSE,OTHER,50,0,,,,,,,,,,
603,97,B.Tech,CSE (Data Science),DATA_SCIENCE,50,0,,,,,,,,,,
604,97,B.Tech,CSE (AI & ML),CSE_AI_ML,50,0,,,,,,,,,,
605,97,B.Tech,CSE (Cyber Security),CYBER_SECURITY,50,0,,,,,,,,,,
606,97,B.Tech,Mechanical Engineering ,MECHANICAL,50,0,,,,,,,,,,
607,97,B.Tech,ECE,ELECTRONICS,50,0,,,,,,,,,,
608,98,B.Tech,CSE,OTHER,50,0,,,,,,,,,,
609,98,B.Tech,CSE (AI & ML),CSE_AI_ML,50,0,,,,,,,,,,
610,98,B.Tech,CSE (Data Science),DATA_SCIENCE,50,0,,,,,,,,,,
611,98,B.Tech,CSE (Cyber Security),CYBER_SECURITY,50,0,,,,,,,,,,
612,98,B.Tech,Mechanical,MECHANICAL,50,0,,,,,,,,,,
613,98,B.Tech,ECE,ELECTRONICS,50,0,,,,,,,,,,
614,99,B.Tech,CSE,OTHER,50,0,,,,,,,,,,
615,99,B.Tech,AI,OTHER,50,0,,,,,,,,,,
616,99,B.Tech,Data Science,DATA_SCIENCE,50,0,,,,,,,,,,
617,99,B.Tech,Cyber Security,CYBER_SECURITY,50,0,,,,,,,,,,
618,99,B.Tech,Mechanical,MECHANICAL,50,0,,,,,,,,,,
619,99,B.Tech,Civil,CIVIL,50,0,,,,,,,,,,
620,100,B.Tech,CSE,OTHER,50,0,,,,,,,,,,
621,100,B.Tech,Mechanical,MECHANICAL,50,0,,,,,,,,,,
622,100,B.Tech,Civil,CIVIL,50,0,,,,,,,,,,
623,100,B.Tech,ECE,ELECTRONICS,50,0,,,,,,,,,,
624,101,B.Tech,CSE,OTHER,95,0,,,,,,,,,,
625,101,B.Tech,CSE (Data Science),DATA_SCIENCE,95,0,,,,,,,,,,
626,101,B.Tech,Computing & Science,OTHER,95,0,,,,,,,,,,
627,102,B.Tech,B.Tech (Aerospace Engineering),OTHER,75,75,,,,,,,,,,
628,102,B.Tech,B.Tech (Civil Engineering),CIVIL,75,75,,,,,,,,,,
629,102,B.Tech,B.Tech (Electrical Engineering),ELECTRICAL,75,75,,,,,,,,,,
630,102,B.Tech,B.Tech. (Electronics & Telecommunication),ELECTRONICS,75,75,,,,,,,,,,
631,102,B.Tech,B.Tech (Mechanical Engineering),MECHANICAL,75,75,,,,,,,,,,
632,102,B.Tech,B.Tech (Aeronautical Engineering),OTHER,75,75,,,,,,,,,,
633,103,B.Tech,CSE,OTHER,50,0,,,,,,,,,,
634,103,B.Tech,AI & ML,CSE_AI_ML,50,0,,,,,,,,,,
635,103,B.Tech,Electronics & Communication Engineering,ELECTRONICS,50,0,,,,,,,,,,
636,103,B.Tech,Mechanical,MECHANICAL,50,0,,,,,,,,,,
637,103,B.Tech,Civil,CIVIL,50,0,,,,,,,,,,
638,104,B.Tech,CSE,OTHER,60,0,,,,,,,,,,
639,104,B.Tech,Mechanical Engineering,MECHANICAL,60,0,,,,,,,,,,
640,104,B.Tech,Civil Engineering,CIVIL,60,0,,,,,,,,,,
641,105,B.Tech,CSE,OTHER,70,0,,,,,,,,,,
642,105,B.Tech,CSE (AI & ML),CSE_AI_ML,70,0,,,,,,,,,,
643,105,B.Tech,Mechanical Engineering,MECHANICAL,70,0,,,,,,,,,,
644,105,B.Tech,Mechanical (Mechatronics),MECHANICAL,70,0,,,,,,,,,,
645,105,B.Tech,Aeronautical Engineering,OTHER,70,0,,,,,,,,,,
646,106,B.Tech,CSE,OTHER,80,0,,,,,,,,,,
647,106,B.Tech,AI & ML,CSE_AI_ML,80,0,,,,,,,,,,
648,106,B.Tech,ECE,ELECTRONICS,80,0,,,,,,,,,,
649,107,B.Tech,CSE,OTHER,50,0,,,,,,,,,,
650,107,B.Tech,Data Science and Artificial Intelligence,DATA_SCIENCE,50,0,,,,,,,,,,
651,107,B.Tech,ECE,ELECTRONICS,50,0,,,,,,,,,,
652,107,B.Tech,Mechanical,MECHANICAL,50,0,,,,,,,,,,
653,108,B.Tech,CSE,OTHER,50,0,,,,,,,,,,
654,108,B.Tech,AI & ML,CSE_AI_ML,50,0,,,,,,,,,,
655,108,B.Tech,Data Science,DATA_SCIENCE,50,0,,,,,,,,,,
656,108,B.Tech,Cyber Security,CYBER_SECURITY,50,0,,,,,,,,,,
657,108,B.Tech,Mechanical,MECHANICAL,50,0,,,,,,,,,,
658,108,B.Tech,Civil,CIVIL,50,0,,,,,,,,,,
659,108,B.Tech,ECE,ELECTRONICS,50,0,,,,,,,,,,
660,109,B.Tech,CSE,OTHER,80,85,,,,,,,,,,
661,109,B.Tech,AI & ML,CSE_AI_ML,80,85,,,,,,,,,,
662,109,B.Tech,AI & DS,DATA_SCIENCE,80,85,,,,,,,,,,
663,109,B.Tech,IT,OTHER,80,85,,,,,,,,,,
664,109,B.Tech,Cyber Security,CYBER_SECURITY,80,85,,,,,,,,,,
665,109,B.Tech,ECE,ELECTRONICS,80,85,,,,,,,,,,
666,109,B.Tech,Mechanical,MECHANICAL,80,85,,,,,,,,,,
667,109,B.Tech,Civil,CIVIL,80,85,,,,,,,,,,
668,110,B.Tech,CSE,OTHER,75,55,,,,,,,,,,
669,110,B.Tech,AI & ML,CSE_AI_ML,75,55,,,,,,,,,,
670,110,B.Tech,Data Science,DATA_SCIENCE,75,55,,,,,,,,,,
671,110,B.Tech,IT,OTHER,75,55,,,,,,,,,,
672,110,B.Tech,Mechanical,MECHANICAL,75,55,,,,,,,,,,
673,110,B.Tech,Civil,CIVIL,75,55,,,,,,,,,,
674,110,B.Tech,ECE,ELECTRONICS,75,55,,,,,,,,,,
675,111,B.Tech,CSE,OTHER,80,0,,,,,,,,,,
676,111,B.Tech,AI & ML,CSE_AI_ML,80,0,,,,,,,,,,
677,111,B.Tech,Data Science,DATA_SCIENCE,80,0,,,,,,,,,,
678,111,B.Tech,Cyber Security,CYBER_SECURITY,80,0,,,,,,,,,,
679,111,B.Tech,IT,OTHER,80,0,,,,,,,,,,
680,111,B.Tech,ECE,ELECTRONICS,80,0,,,,,,,,,,
681,111,B.Tech,Mechanical,MECHANICAL,80,0,,,,,,,,,,
682,111,B.Tech,Civil,CIVIL,80,0,,,,,,,,,,
683,3,B.Tech,CSE (Artificial Intelligence & Machine Learning),CSE_AI_ML,50,0,,,,,,,,,,
684,3,B.Tech,CSE (AI & Robotics),ROBOTICS,50,0,,,,,,,,,,
685,3,B.Tech,CSE (AI & Data Science),DATA_SCIENCE,50,0,,,,,,,,,,
686,3,B.Tech,IT (AI & Cyber Security),CYBER_SECURITY,50,0,,,,,,,,,,
687,3,B.Tech,AI & Digital Design,OTHER,50,0,,,,,,,,,,
688,29,B.Tech,Electronics and Communication Engineering,ELECTRONICS,60,0,,,,,,,,,,
689,29,B.Tech,Mechanical Engineering,MECHANICAL,60,0,,,,,,,,,,
690,29,B.Tech,Electrical Engineering,ELECTRICAL,60,0,,,,,,,,,,
691,29,B.Tech,Civil Engineering,CIVIL,60,0,,,,,,,,,,
692,29,B.Tech,Information Technology,CSE_CORE,60,0,,,,,,,,,,
693,29,B.Tech,Mechatronics Engineering,MECHANICAL,60,0,,,,,,,,,,
694,29,B.Tech,Chemical Engineering,OTHER,60,0,,,,,,,,,,
695,29,B.Tech,CSE (Cloud Computing),OTHER,60,0,,,,,,,,,,
696,29,B.Tech,Computer Science and Engineering (Cyber Security),CYBER_SECURITY,60,0,,,,,,,,,,
697,29,B.Tech,Automobile Engineering,MECHANICAL,60,0,,,,,,,,,,
698,32,B.Tech,Computer Engineering,OTHER,45,0,,,,,,,,,,
699,32,B.Tech,Computer Science & Technology,CSE_CORE,45,0,,,,,,,,,,
700,33,B.Tech,Bioengineering,OTHER,50,0,,,,,,,,,,
701,33,B.Tech,Chemical Engineering,OTHER,50,0,,,,,,,,,,
702,33,B.Tech,Semiconductor Engineering,OTHER,50,0,,,,,,,,,,
703,34,B.Tech,Aerospace Engineering,OTHER,45,0,,,,,,,,,,
704,34,B.Tech,Robotics & Ai,ROBOTICS,45,0,,,,,,,,,,
705,36,B.Tech,Data science,DATA_SCIENCE,45,0,,,,,,,,,,
706,36,B.Tech,Cyber Security,CYBER_SECURITY,45,0,,,,,,,,,,
707,36,B.Tech,Electrical Engineering,ELECTRICAL,45,0,,,,,,,,,,
708,36,B.Tech,Electronics and Communication Engineering,ELECTRONICS,45,0,,,,,,,,,,
709,37,B.Tech,Robotics & Ai,ROBOTICS,60,0,,,,,,,,,,
710,37,B.Tech,Civil Engineering,CIVIL,60,0,,,,,,,,,,
711,37,B.Tech,Computer Science & Technology(chip Design),CSE_CORE,60,0,,,,,,,,,,
712,37,B.Tech,Electronics and Communication Engineering(ICT),ELECTRONICS,60,0,,,,,,,,,,
713,37,B.Tech,Civil Engineering(smart infrastructure),CIVIL,60,0,,,,,,,,,,
714,37,B.Tech,Electrical Engineering,ELECTRICAL,60,0,,,,,,,,,,
715,37,B.Tech,Electrical Engineering(eletrical vechile),ELECTRICAL,60,0,,,,,,,,,,
716,39,B.Tech,Bio engineering,OTHER,50,0,,,,,,,,,,
717,39,B.Tech,Chemical Engineering,OTHER,50,0,,,,,,,,,,
718,39,B.Tech,Civil Engineering,CIVIL,50,0,,,,,,,,,,
719,39,B.Tech,Civil Engineering (Smart Infrastructure & Construction),CIVIL,50,0,,,,,,,,,,
720,39,B.Tech,Computer Science and Engineering (Cloud Computing),CSE_CORE,50,0,,,,,,,,,,
721,39,B.Tech,Computer Science and Engineering (Cyber Security & Forensics),CYBER_SECURITY,50,0,,,,,,,,,,
722,39,B.Tech,Electrical & Computer Engineering,ELECTRICAL,50,0,,,,,,,,,,
723,39,B.Tech,Renewable Energy Engineering,OTHER,50,0,,,,,,,,,,
724,39,B.Tech,Electronics (Artificial Intelligence and Machine Learning),CSE_AI_ML,50,0,,,,,,,,,,
725,39,B.Tech,Electronics (Semiconductor and VLSI Design),ELECTRONICS,50,0,,,,,,,,,,
726,39,B.Tech,Electronics and Communication Engineering,ELECTRONICS,50,0,,,,,,,,,,
727,39,B.Tech,Material Science and Advance Manufacturing,OTHER,50,0,,,,,,,,,,
728,39,B.Tech,Mechanical Engineering (Robotics and Automation),ROBOTICS,50,0,,,,,,,,,,
729,39,B.Tech,Petroleum Engineering,OTHER,50,0,,,,,,,,,,
730,40,B.Tech,Big Data and Analytics,DATA_SCIENCE,45,0,,,,,,,,,,
731,40,B.Tech,Cyber Security,CYBER_SECURITY,45,0,,,,,,,,,,
732,40,B.Tech,Automobile,MECHANICAL,45,0,,,,,,,,,,
733,40,B.Tech,Biomedical,OTHER,45,0,,,,,,,,,,
734,40,B.Tech,Electrical,ELECTRICAL,45,0,,,,,,,,,,
735,40,B.Tech,Information Technology,CSE_CORE,45,0,,,,,,,,,,
736,40,B.Tech,Mechatronics,MECHANICAL,45,0,,,,,,,,,,
737,40,B.Tech,Mechanical,MECHANICAL,45,0,,,,,,,,,,
738,40,B.Tech,Petrochemical,OTHER,45,0,,,,,,,,,,
739,41,B.Tech,Electronics,ELECTRONICS,45,0,,,,,,,,,,
740,42,B.Tech,Civil Engineering (Smart Infra),CIVIL,60,0,,,,,,,,,,
741,42,B.Tech,AI & Data Science,DATA_SCIENCE,60,0,,,,,,,,,,
742,42,B.Tech,CSE (Cyber Security),CYBER_SECURITY,60,0,,,,,,,,,,
743,42,B.Tech,ECE (Biomedical),ELECTRONICS,60,0,,,,,,,,,,
744,42,B.Tech,ECE (VLSI),ELECTRONICS,60,0,,,,,,,,,,
745,42,B.Tech,ECE (Quantum),ELECTRONICS,60,0,,,,,,,,,,
746,42,B.Tech,Mechanical (EV),MECHANICAL,60,0,,,,,,,,,,
747,42,B.Tech,Aerospace,OTHER,60,0,,,,,,,,,,
748,42,B.Tech,Energy Engineering,OTHER,60,0,,,,,,,,,,
749,42,B.Tech,CSE (Quantum Computing),OTHER,60,0,,,,,,,,,,
750,43,B.Tech,CSE (Cyber Security),CYBER_SECURITY,60,0,,,,,,,,,,
751,43,B.Tech,CSE (Data Science),DATA_SCIENCE,60,0,,,,,,,,,,
752,43,B.Tech,AEROSPACE,OTHER,60,0,,,,,,,,,,
753,43,B.Tech,Civil,CIVIL,60,0,,,,,,,,,,
754,43,B.Tech,Electrical and Computer Engineering,ELECTRICAL,60,0,,,,,,,,,,
755,43,B.Tech,Electronics and Communication Engineering,ELECTRONICS,60,0,,,,,,,,,,
756,43,B.Tech,Electronics Engineering (VLSI Design and Technology),ELECTRONICS,60,0,,,,,,,,,,
757,43,B.Tech,Robotics & Ai,ROBOTICS,60,0,,,,,,,,,,
758,44,B.Tech,Computer Science and Engineering (Cyber Security),CYBER_SECURITY,60,0,,,,,,,,,,
759,44,B.Tech,Computer Science and Engineering (Data Science),DATA_SCIENCE,60,0,,,,,,,,,,
760,44,B.Tech,Biomedical Engineering,OTHER,60,0,,,,,,,,,,
761,44,B.Tech,Biotechnology,BIOTECH,60,0,,,,,,,,,,
762,44,B.Tech,Civil Engineering with Computer Application,CIVIL,60,0,,,,,,,,,,
763,44,B.Tech,Electrical and Computer Engineering,ELECTRICAL,60,0,,,,,,,,,,
764,44,B.Tech,Electronics and Communication Engineering,ELECTRONICS,60,0,,,,,,,,,,
765,44,B.Tech,Electronics Engineering (VLSI Design and Technology),ELECTRONICS,60,0,,,,,,,,,,
766,44,B.Tech,Mechanical Engineering,MECHANICAL,60,0,,,,,,,,,,
767,44,B.Tech,Robotics and Artificial Intelligence,CSE_AI_ML,60,0,,,,,,,,,,
768,45,B.Tech,Computer Science and Engineering (Cyber Security),CYBER_SECURITY,60,0,,,,,,,,,,
769,45,B.Tech,Computer Science and Engineering (Data Science),DATA_SCIENCE,60,0,,,,,,,,,,
770,45,B.Tech,Computer Science and Engineering (AI & ML),CSE_AI_ML,60,0,,,,,,,,,,
771,45,B.Tech,Electrical and Computer Engineering,ELECTRICAL,60,0,,,,,,,,,,
772,45,B.Tech,Electronics Engineering (VLSI Design and Technology),ELECTRONICS,60,0,,,,,,,,,,
773,45,B.Tech,Mechanical Engineering,MECHANICAL,60,0,,,,,,,,,,
774,45,B.Tech,Robotics and Artificial Intelligence,CSE_AI_ML,60,0,,,,,,,,,,
775,46,B.Tech,Computer Science & Specializations (AI & Data Science),DATA_SCIENCE,60,0,,,,,,,,,,
776,46,B.Tech,Cyber Security & AI,CYBER_SECURITY,60,0,,,,,,,,,,
777,46,B.Tech,Cloud & DevOps,OTHER,60,0,,,,,,,,,,
778,46,B.Tech,Gaming Technology,OTHER,60,0,,,,,,,,,,
779,46,B.Tech,IoT & Robotics,ROBOTICS,60,0,,,,,,,,,,
780,46,B.Tech,Business Informatics,OTHER,60,0,,,,,,,,,,
781,46,B.Tech,Full Stack Development,OTHER,60,0,,,,,,,,,,
782,46,B.Tech,Electronics & Communication,ELECTRONICS,60,0,,,,,,,,,,
783,46,B.Tech,ECE (VLSI),ELECTRONICS,60,0,,,,,,,,,,
784,46,B.Tech,Mechanical  Engineering,MECHANICAL,60,0,,,,,,,,,,
785,46,B.Tech,Civil Engineering,CIVIL,60,0,,,,,,,,,,
786,46,B.Tech,Electrical Engineering,ELECTRICAL,60,0,,,,,,,,,,
787,46,B.Tech,Biotechnology,BIOTECH,60,0,,,,,,,,,,
788,46,B.Tech,Automobile,MECHANICAL,60,0,,,,,,,,,,
789,46,B.Tech,Mechatronics,MECHANICAL,60,0,,,,,,,,,,
790,46,B.Tech,Civil,CIVIL,60,0,,,,,,,,,,
791,46,B.Tech,Biotechnology,BIOTECH,60,0,,,,,,,,,,
792,47,B.Tech,Computer Science( AI & Data Science),DATA_SCIENCE,60,0,,,,,,,,,,
793,47,B.Tech,Computer Science(Cyber Security & AI),CYBER_SECURITY,60,0,,,,,,,,,,
794,47,B.Tech,Cloud & DevOps,OTHER,60,0,,,,,,,,,,
795,47,B.Tech,Gaming Technology,OTHER,60,0,,,,,,,,,,
796,47,B.Tech,IoT & Robotics,ROBOTICS,60,0,,,,,,,,,,
797,47,B.Tech,Business Informatics,OTHER,60,0,,,,,,,,,,
798,47,B.Tech,Full Stack Development,OTHER,60,0,,,,,,,,,,
799,49,B.Tech,Computer Science and Engineering (Generative AI),CSE_CORE,50,0,,,,,,,,,,
800,49,B.Tech,Electronics & Communication,ELECTRONICS,50,0,,,,,,,,,,
801,49,B.Tech,ECE (IoT),ELECTRONICS,50,0,,,,,,,,,,
802,49,B.Tech,Mechanical (Robotics),ROBOTICS,50,0,,,,,,,,,,
803,49,B.Tech,Aerospace Engineering,OTHER,50,0,,,,,,,,,,
804,49,B.Tech,Electrical (EV),ELECTRICAL,50,0,,,,,,,,,,
805,51,B.Tech,cyber security,CYBER_SECURITY,50,0,,,,,,,,,,
806,53,B.Tech,Computer Science and Engineering (Artificial Intelligence),CSE_AI_ML,50,0,,,,,,,,,,
807,53,B.Tech,Computer Science and Engineering (IOT),CSE_CORE,50,0,,,,,,,,,,
808,53,B.Tech,Computer Science and Engineering (Cloud Computing),CSE_CORE,50,0,,,,,,,,,,
809,55,B.Tech,Automation & Robotics,ROBOTICS,60,0,,,,,,,,,,
810,59,B.Tech,Aerospace Engineering,OTHER,50,0,,,,,,,,,,
811,59,B.Tech,Aeronautical Engineering,OTHER,50,0,,,,,,,,,,
812,59,B.Tech,Mechanical (TATA Technologies),MECHANICAL,50,0,,,,,,,,,,
813,59,B.Tech,CSE (Business Systems),OTHER,50,0,,,,,,,,,,
814,59,B.Tech,EEE,ELECTRICAL,50,0,,,,,,,,,,
815,59,B.Tech,ISE,OTHER,50,0,,,,,,,,,,
816,59,B.Tech,CSE (AI),OTHER,50,0,,,,,,,,,,
817,59,B.Tech,CSE (Cloud + Info Security - Google),OTHER,50,0,,,,,,,,,,
818,59,B.Tech,CSE (PwC),OTHER,50,0,,,,,,,,,,
819,59,B.Tech,CSE (Mobile + Cloud - Google),OTHER,50,0,,,,,,,,,,
820,59,B.Tech,CSE (GenAI - IBM),OTHER,50,0,,,,,,,,,,
821,59,B.Tech,Computer Engineering (Software),OTHER,50,0,,,,,,,,,,
822,59,B.Tech,EEE (Microgrid),ELECTRICAL,50,0,,,,,,,,,,
823,59,B.Tech,CSE (IoT - Intel),OTHER,50,0,,,,,,,,,,
824,59,B.Tech,Civil (Environmental Geo Tech),CIVIL,50,0,,,,,,,,,,
825,59,B.Tech,EEE (EV - Siemens),ELECTRICAL,50,0,,,,,,,,,,
826,59,B.Tech,CSE (Blockchain),OTHER,50,0,,,,,,,,,,
827,59,B.Tech,CSE (AI DevOps),OTHER,50,0,,,,,,,,,,
828,59,B.Tech,CSE (AI + Data Engg),OTHER,50,0,,,,,,,,,,
829,59,B.Tech,CSE (Cyber Physical Systems),CYBER_SECURITY,50,0,,,,,,,,,,
830,59,B.Tech,Civil (Construction Tech),CIVIL,50,0,,,,,,,,,,
831,59,B.Tech,ECE (Robotics),ROBOTICS,50,0,,,,,,,,,,
832,59,B.Tech,ECE (VLSI),ELECTRONICS,50,0,,,,,,,,,,
833,59,B.Tech,Mechanical (Robotics),ROBOTICS,50,0,,,,,,,,,,
834,61,B.Tech,CSE (Artificial Intelligence & IoT),CSE_AI_ML,75,95,,,,,,,,,,
835,61,B.Tech,CSE (Artificial Intelligence & Robotics),CSE_AI_ML,75,95,,,,,,,,,,
836,61,B.Tech,Full Stack Development,OTHER,75,95,,,,,,,,,,
837,67,B.Tech,Aerospace Engineering (AI & ML),CSE_AI_ML,80,0,,,,,,,,,,
838,67,B.Tech,Biomedical Engineering,OTHER,80,0,,,,,,,,,,
839,67,B.Tech,Food Processing & Engineering,OTHER,80,0,,,,,,,,,,
840,67,B.Tech,CSE (AI),OTHER,80,0,,,,,,,,,,
841,67,B.Tech,Biotechnology (AI),BIOTECH,80,0,,,,,,,,,,Aerospace Engineering (AI & ML)
842,67,B.Tech,Robotics & Automation (AI & DS),DATA_SCIENCE,80,0,,,,,,,,,,
843,67,B.Tech,Biomedical (AI & ML),CSE_AI_ML,80,0,,,,,,,,,,Food Processing & Engineering
844,67,B.Tech,Aerospace (UAV),OTHER,80,0,,,,,,,,,,CSE (AI)
845,67,B.Tech,Food Processing (IoT),OTHER,80,0,,,,,,,,,,Biotechnology (AI)
846,67,B.Tech,EEE,ELECTRICAL,80,0,,,,,,,,,,Robotics & Automation (AI & DS)
847,67,B.Tech,Civil Engineering,CIVIL,80,0,,,,,,,,,,Biomedical (AI & ML)
848,67,B.Tech,Mechanical (AI & ML),CSE_AI_ML,80,0,,,,,,,,,,Aerospace (UAV)
849,67,B.Tech,Biotechnology (Genome Tech),BIOTECH,80,0,,,,,,,,,,
850,67,B.Tech,Robotics & Automation (AI & ML),CSE_AI_ML,80,0,,,,,,,,,,
851,67,B.Tech,Aerospace Engineering,OTHER,80,0,,,,,,,,,,EEE
852,67,B.Tech,ECE (AI & ML),CSE_AI_ML,80,0,,,,,,,,,,Civil Engineering
853,67,B.Tech,EEE (AI & ML),CSE_AI_ML,80,0,,,,,,,,,,Mechanical (AI & ML)
854,67,B.Tech,Aerospace (Aircraft Maintenance),OTHER,80,0,,,,,,,,,,
855,67,B.Tech,Civil (BIM & Digital Twin),CIVIL,80,0,,,,,,,,,,Biotechnology (Genome Tech)
856,67,B.Tech,Civil (Geospatial Technology),CIVIL,80,0,,,,,,,,,,Robotics & Automation (AI & ML)
857,69,B.Tech,Mechanical (Automobile),MECHANICAL,50,0,,,,,,,,,,EEE (AI & ML)
858,69,B.Tech,Electrical Engineering,ELECTRICAL,50,0,,,,,,,,,,Aerospace (Aircraft Maintenance)
859,69,B.Tech,E&TC,OTHER,50,0,,,,,,,,,,Civil (BIM & Digital Twin)
860,69,B.Tech,EEE,ELECTRICAL,50,0,,,,,,,,,,Aerospace Engineering (B.E.)
861,69,B.Tech,Mechatronics Engineering,MECHANICAL,50,0,,,,,,,,,,
862,69,B.Tech,CS & Communication Engineering,OTHER,50,0,,,,,,,,,,
863,69,B.Tech,Biotechnology,BIOTECH,50,0,,,,,,,,,,
864,69,B.Tech,CSE (AI),OTHER,50,0,,,,,,,,,,
865,69,B.Tech,Electronics & Computer Engineering,ELECTRONICS,50,0,,,,,,,,,,
866,69,B.Tech,Aerospace Engineering,OTHER,50,0,,,,,,,,,,
867,69,B.Tech,CS & Systems Engineering,OTHER,50,0,,,,,,,,,,
868,69,B.Tech,Chemical Engineering,OTHER,50,0,,,,,,,,,,
869,69,B.Tech,CSE (IoT),OTHER,50,0,,,,,,,,,,
870,69,B.Tech,Electronics (VLSI),ELECTRONICS,50,0,,,,,,,,,,
871,69,B.Tech,Construction Technology,OTHER,50,0,,,,,,,,,,
872,69,B.Tech,CSE (IoT + Cyber Security + Blockchain),CYBER_SECURITY,50,0,,,,,,,,,,
873,69,B.Tech,Electrical & Computer Engineering,ELECTRICAL,50,0,,,,,,,,,,
874,69,B.Tech,Mechanical (L&T EduTech),MECHANICAL,50,0,,,,,,,,,,
875,73,B.Tech,Automobile Engineering,MECHANICAL,50,85,,,,,,,,,,
876,73,B.Tech,Mechanical (Mechatronics),MECHANICAL,50,85,,,,,,,,,,
877,73,B.Tech,CSE (Hons),OTHER,50,85,,,,,,,,,,
878,73,B.Tech,Food Technology,OTHER,50,85,,,,,,,,,,
879,73,B.Tech,Electrical Engineering,ELECTRICAL,50,85,,,,,,,,,,
880,73,B.Tech,Chemical Engineering,OTHER,50,85,,,,,,,,,,
881,73,B.Tech,EEE,ELECTRICAL,50,85,,,,,,,,,,
882,73,B.Tech,CSE (AI & Data Engineering),OTHER,50,85,,,,,,,,,,
883,73,B.Tech,Mathematics & Computing,OTHER,50,85,,,,,,,,,,
884,73,B.Tech,Biomedical Engineering,OTHER,50,85,,,,,,,,,,
885,73,B.Tech,CSE (Data Science & Data Engineering) (Hons),DATA_SCIENCE,50,85,,,,,,,,,,
886,73,B.Tech,CSE (Data Science & ML Advanced),DATA_SCIENCE,50,85,,,,,,,,,,
887,73,B.Tech,Biotechnology (International),BIOTECH,50,85,,,,,,,,,,
888,73,B.Tech,CSE (DevOps),OTHER,50,85,,,,,,,,,,
889,73,B.Tech,CSE (Big Data & AI),DATA_SCIENCE,50,85,,,,,,,,,,
890,73,B.Tech,Mechanical (International),MECHANICAL,50,85,,,,,,,,,,
891,73,B.Tech,CSE (Decision Science & ML),OTHER,50,85,,,,,,,,,,
892,73,B.Tech,ECE (International),ELECTRONICS,50,85,,,,,,,,,,
893,73,B.Tech,Automobile (International),MECHANICAL,50,85,,,,,,,,,,
894,73,B.Tech,CSE (AI & System Design - Global),OTHER,50,85,,,,,,,,,,
895,73,B.Tech,Civil (International),CIVIL,50,85,,,,,,,,,,
896,73,B.Tech,CSE (Robotics & AI),ROBOTICS,50,85,,,,,,,,,,
897,73,B.Tech,"CSE (Cyber Security, Compliance & Risk)",CYBER_SECURITY,50,85,,,,,,,,,,
898,73,B.Tech,CSE (Generative AI),OTHER,50,85,,,,,,,,,,
899,73,B.Tech,Semiconductor & VLSI,OTHER,50,85,,,,,,,,,,
900,73,B.Tech,CSE (Applied AI) (Hons),OTHER,50,85,,,,,,,,,,
901,73,B.Tech,CSE (Business Systems),OTHER,50,85,,,,,,,,,,
902,73,B.Tech,Mechanical (AI & ML),CSE_AI_ML,50,85,,,,,,,,,,
903,73,B.Tech,Electrical & Computer Engineering,ELECTRICAL,50,85,,,,,,,,,,
904,73,B.Tech,CSE (Fintech & AI),OTHER,50,85,,,,,,,,,,
905,73,B.Tech,CSE (AI & Data Analytics),DATA_SCIENCE,50,85,,,,,,,,,,
906,73,B.Tech,AR & VR,OTHER,50,85,,,,,,,,,,
907,73,B.Tech,CSE (Machine Intelligence & Data Analytics),DATA_SCIENCE,50,85,,,,,,,,,,
908,73,B.Tech,ECE (VLSI),ELECTRONICS,50,85,,,,,,,,,,
909,73,B.Tech,Civil (AI & ML),CSE_AI_ML,50,85,,,,,,,,,,
910,73,B.Tech,AI & Automation,OTHER,50,85,,,,,,,,,,
911,73,B.Tech,CSE (IoT & AI Analytics),DATA_SCIENCE,50,85,,,,,,,,,,
912,73,B.Tech,CSE (AI DevOps),OTHER,50,85,,,,,,,,,,
913,73,B.Tech,Electrical (AI),ELECTRICAL,50,85,,,,,,,,,,
914,73,B.Tech,ECE (Semiconductor & VLSI),ELECTRONICS,50,85,,,,,,,,,,
915,80,B.Tech,Aeronautical Engineering,OTHER,50,0,,,,,,,,,,
916,80,B.Tech,Aerospace Engineering,OTHER,50,0,,,,,,,,,,
917,80,B.Tech,Aircraft Maintenance Engineering,OTHER,50,0,,,,,,,,,,
918,80,B.Tech,AI & ML,CSE_AI_ML,50,0,,,,,,,,,,
919,80,B.Tech,Automobile Engineering,MECHANICAL,50,0,,,,,,,,,,
920,80,B.Tech,Biomedical Engineering,OTHER,50,0,,,,,,,,,,
921,80,B.Tech,CSE (Software Engineering),OTHER,50,0,,,,,,,,,,
922,80,B.Tech,EEE,ELECTRICAL,50,0,,,,,,,,,,
923,80,B.Tech,ECE,ELECTRONICS,50,0,,,,,,,,,,
924,80,B.Tech,Electronics & Instrumentation,ELECTRONICS,50,0,,,,,,,,,,
925,80,B.Tech,Marine Engineering,OTHER,50,0,,,,,,,,,,
926,80,B.Tech,Robotics & Automation,ROBOTICS,50,0,,,,,,,,,,
927,81,B.Tech,Electronics Engineering (VLSI Design & Technology),ELECTRONICS,50,0,,,,,,,,,,
928,83,B.Tech,Information Science & Engineering,CSE_CORE,50,0,,,,,,,,,,
929,83,B.Tech,Electronics & Communication Engineering (full form instead of ECE),ELECTRONICS,50,0,,,,,,,,,,
930,83,B.Tech,Electrical & Electronics Engineering (EEE),ELECTRICAL,50,0,,,,,,,,,,
931,83,B.Tech,Electronics & Instrumentation Engineering,ELECTRONICS,50,0,,,,,,,,,,
932,83,B.Tech,Electronics (VLSI Design & Technology),ELECTRONICS,50,0,,,,,,,,,,
933,83,B.Tech,Petroleum Engineering,OTHER,50,0,,,,,,,,,,
934,83,B.Tech,Agricultural Engineering,OTHER,50,0,,,,,,,,,,
935,83,B.Tech,Dairy Technology,OTHER,50,0,,,,,,,,,,
936,83,B.Tech,Marine Engineering,OTHER,50,0,,,,,,,,,,
937,83,B.Tech,Mining Engineering,OTHER,50,0,,,,,,,,,,
938,83,B.Tech,Textile Engineering,OTHER,50,0,,,,,,,,,,
939,83,B.Tech,Construction Technology,OTHER,50,0,,,,,,,,,,
940,86,B.Tech,CSE (Quantum Computing & AI),OTHER,50,0,,,,,,,,,,
941,88,B.Tech,Electrical Engineering (you only have EEE),ELECTRICAL,80,80,,,,,,,,,,
942,88,B.Tech,Chemical Engineering,OTHER,80,80,,,,,,,,,,
943,88,B.Tech,Biotechnology,BIOTECH,80,80,,,,,,,,,,
944,88,B.Tech,Biomedical Engineering,OTHER,80,80,,,,,,,,,,
945,88,B.Tech,Information Science & Engineering,CSE_CORE,80,80,,,,,,,,,,
946,88,B.Tech,Electronics & Instrumentation Engineering,ELECTRONICS,80,80,,,,,,,,,,
947,88,B.Tech,Electronics (VLSI),ELECTRONICS,80,80,,,,,,,,,,
948,88,B.Tech,Mechatronics Engineering,MECHANICAL,80,80,,,,,,,,,,
949,88,B.Tech,Aerospace Engineering,OTHER,80,80,,,,,,,,,,
950,88,B.Tech,Automobile Engineering,MECHANICAL,80,80,,,,,,,,,,
951,89,B.Tech,Artificial Intelligence & Data Science,DATA_SCIENCE,50,0,,,,,,,,,,
952,89,B.Tech,Electrical Engineering (separate from EEE),ELECTRICAL,50,0,,,,,,,,,,
953,89,B.Tech,Chemical Engineering,OTHER,50,0,,,,,,,,,,
954,89,B.Tech,Biomedical Engineering,OTHER,50,0,,,,,,,,,,
955,89,B.Tech,Food Technology,OTHER,50,0,,,,,,,,,,
956,89,B.Tech,Information Science & Engineering,CSE_CORE,50,0,,,,,,,,,,
957,89,B.Tech,Electronics & Instrumentation Engineering,ELECTRONICS,50,0,,,,,,,,,,
958,89,B.Tech,Electronics (VLSI Design & Technology),ELECTRONICS,50,0,,,,,,,,,,
959,89,B.Tech,Aerospace Engineering,OTHER,50,0,,,,,,,,,,
960,89,B.Tech,Automobile Engineering,MECHANICAL,50,0,,,,,,,,,,
961,94,B.Tech,Biomedical (Machine Intelligence),OTHER,50,0,,,,,,,,,,
962,94,B.Tech,Biotechnology,BIOTECH,50,0,,,,,,,,,,
963,94,B.Tech,Biotechnology (Computational Biology),BIOTECH,50,0,,,,,,,,,,
964,94,B.Tech,Biotechnology (Food Technology),BIOTECH,50,0,,,,,,,,,,
965,94,B.Tech,Biotechnology (Genetic Engineering),BIOTECH,50,0,,,,,,,,,,
966,94,B.Tech,Biotechnology (Regenerative Medicine),BIOTECH,50,0,,,,,,,,,,
967,94,B.Tech,Chemical Engineering,OTHER,50,0,,,,,,,,,,
968,94,B.Tech,Civil Engineering,CIVIL,50,0,,,,,,,,,,
969,94,B.Tech,Civil (Computer Applications),CIVIL,50,0,,,,,,,,,,
970,94,B.Tech,CSE (Business Systems),OTHER,50,0,,,,,,,,,,
971,94,B.Tech,CSE,OTHER,50,0,,,,,,,,,,
972,94,B.Tech,CSE (Data Science),DATA_SCIENCE,50,0,,,,,,,,,,
973,94,B.Tech,CSE (DevSecOps),OTHER,50,0,,,,,,,,,,
974,94,B.Tech,CSE (AI & ML),CSE_AI_ML,50,0,,,,,,,,,,
975,94,B.Tech,CSE (Big Data Analytics),DATA_SCIENCE,50,0,,,,,,,,,,
976,94,B.Tech,CSE (Blockchain),OTHER,50,0,,,,,,,,,,
977,94,B.Tech,CSE (Cloud Computing),OTHER,50,0,,,,,,,,,,
978,94,B.Tech,CSE (Networking),OTHER,50,0,,,,,,,,,,
979,95,B.Tech,Biomedical Engineering,OTHER,50,0,,,,,,,,,,
980,95,B.Tech,Biotechnology,BIOTECH,50,0,,,,,,,,,,
981,95,B.Tech,CSE (Business Systems),OTHER,50,0,,,,,,,,,,
982,95,B.Tech,CSE (Big Data Analytics),DATA_SCIENCE,50,0,,,,,,,,,,
983,95,B.Tech,CSE (AI & ML),CSE_AI_ML,50,0,,,,,,,,,,
984,95,B.Tech,CSE (Cloud Computing),OTHER,50,0,,,,,,,,,,
985,95,B.Tech,CSE (Gaming Technology),OTHER,50,0,,,,,,,,,,
986,95,B.Tech,CSE (IoT),OTHER,50,0,,,,,,,,,,
987,95,B.Tech,EEE,ELECTRICAL,50,0,,,,,,,,,,
988,95,B.Tech,ECE,ELECTRONICS,50,0,,,,,,,,,,
989,95,B.Tech,ECE (Data Science),DATA_SCIENCE,50,0,,,,,,,,,,
990,95,B.Tech,IT,OTHER,50,0,,,,,,,,,,
991,96,B.Tech,Artificial Intelligence,CSE_AI_ML,50,0,,,,,,,,,,
992,96,B.Tech,CSE (Cloud Computing),OTHER,50,0,,,,,,,,,,
993,96,B.Tech,ECE (Data Science),DATA_SCIENCE,50,0,,,,,,,,,,
994,96,B.Tech,Electronics (VLSI Design & Technology),ELECTRONICS,50,0,,,,,,,,,,
995,96,B.Tech,Mechanical (AI & ML),CSE_AI_ML,50,0,,,,,,,,,,
996,97,B.Tech,Automobile Engineering,MECHANICAL,50,0,,,,,,,,,,
997,97,B.Tech,CSE (Cloud Computing),OTHER,50,0,,,,,,,,,,
998,97,B.Tech,ECE (Data Science),DATA_SCIENCE,50,0,,,,,,,,,,
999,97,B.Tech,ECE (Data Science),DATA_SCIENCE,50,0,,,,,,,,,,
1000,97,B.Tech,Mechanical (AI & ML),CSE_AI_ML,50,0,,,,,,,,,,
1001,98,B.Tech,Artificial Intelligence,CSE_AI_ML,50,0,,,,,,,,,,
1002,98,B.Tech,Artificial Intelligence & Future Technologies,CSE_AI_ML,50,0,,,,,,,,,,
1003,98,B.Tech,Biomedical Engineering,OTHER,50,0,,,,,,,,,,
1004,98,B.Tech,Biotechnology,BIOTECH,50,0,,,,,,,,,,
1005,98,B.Tech,Biotechnology (Food Technology),BIOTECH,50,0,,,,,,,,,,
1006,98,B.Tech,CSE (Business Systems),OTHER,50,0,,,,,,,,,,
1007,98,B.Tech,CSE (Data Science),DATA_SCIENCE,50,0,,,,,,,,,,
1008,98,B.Tech,CSE (Blockchain),OTHER,50,0,,,,,,,,,,
1009,98,B.Tech,CSE (IoT),OTHER,50,0,,,,,,,,,,
1010,98,B.Tech,CSE (Medical Engineering),OTHER,50,0,,,,,,,,,,
1011,98,B.Tech,CSE (Big Data Analytics),DATA_SCIENCE,50,0,,,,,,,,,,
1012,98,B.Tech,EEE,ELECTRICAL,50,0,,,,,,,,,,
1013,98,B.Tech,ECE (Data Science),DATA_SCIENCE,50,0,,,,,,,,,,
1014,98,B.Tech,IT,OTHER,50,0,,,,,,,,,,
1015,98,B.Tech,Software Product Engineering,OTHER,50,0,,,,,,,,,,
1016,99,B.Tech,Civil (Structural Engineering),CIVIL,50,0,,,,,,,,,,
1017,99,B.Tech,CSE (Cloud Computing),OTHER,50,0,,,,,,,,,,
1018,99,B.Tech,CSE (IoT),OTHER,50,0,,,,,,,,,,
1019,99,B.Tech,CSE (Product Engineering AI),OTHER,50,0,,,,,,,,,,
1020,99,B.Tech,EEE,ELECTRICAL,50,0,,,,,,,,,,
1021,99,B.Tech,EEE (Renewable Energy),ELECTRICAL,50,0,,,,,,,,,,
1022,99,B.Tech,ECE,ELECTRONICS,50,0,,,,,,,,,,
1023,99,B.Tech,ECE (Advanced Communication),ELECTRONICS,50,0,,,,,,,,,,
1024,99,B.Tech,ECE (Signal Processing AI/ML),CSE_AI_ML,50,0,,,,,,,,,,
1025,99,B.Tech,ECE (Embedded Systems & IoT),ELECTRONICS,50,0,,,,,,,,,,
1026,99,B.Tech,ECE (VLSI Design),ELECTRONICS,50,0,,,,,,,,,,
1027,99,B.Tech,Mechanical (Additive Manufacturing),MECHANICAL,50,0,,,,,,,,,,
1028,99,B.Tech,Mechanical (Automotive Engineering),MECHANICAL,50,0,,,,,,,,,,
1029,99,B.Tech,Mechanical (Robotics & Automation),ROBOTICS,50,0,,,,,,,,,,
1030,99,B.Tech,Microelectronics & Semiconductors,ELECTRONICS,50,0,,,,,,,,,,
1031,101,B.Tech,CSE (AI),OTHER,95,0,,,,,,,,,,
1032,101,B.Tech,Artificial Intelligence,CSE_AI_ML,95,0,,,,,,,,,,
1033,101,B.Tech,Biotechnology,BIOTECH,95,0,,,,,,,,,,
1034,101,B.Tech,Environmental Engineering,OTHER,95,0,,,,,,,,,,
1035,101,B.Tech,Biomedical Engineering,OTHER,95,0,,,,,,,,,,
1036,103,B.Tech,Electronics & Telecommunication Engineering,ELECTRONICS,50,0,,,,,,,,,,
1037,103,B.Tech,Electrical Engineering ,ELECTRICAL,50,0,,,,,,,,,,
1038,103,B.Tech,Aeronautical Engineering,OTHER,50,0,,,,,,,,,,
1039,105,B.Tech,CSE (AI & ML),CSE_AI_ML,70,0,,,,,,,,,,
1040,105,B.Tech,CSE (Cyber Security),CYBER_SECURITY,70,0,,,,,,,,,,
1041,105,B.Tech,IT,OTHER,70,0,,,,,,,,,,
1042,105,B.Tech,CSE (Gaming),OTHER,70,0,,,,,,,,,,
1043,105,B.Tech,CSE (Machine Learning),OTHER,70,0,,,,,,,,,,
1044,105,B.Tech,Electrical Engineering,ELECTRICAL,70,0,,,,,,,,,,
1045,105,B.Tech,CSE (Cloud & Info Security),OTHER,70,0,,,,,,,,,,
1046,105,B.Tech,ECE,ELECTRONICS,70,0,,,,,,,,,,
1047,106,B.Tech,Electrical And Electronics Engineering,ELECTRICAL,80,0,,,,,,,,,,
1048,106,B.Tech,Computer Science and Engineering (Artificial Intelligence & Data Science),DATA_SCIENCE,80,0,,,,,,,,,,
1049,106,B.Tech,Computer Science and Engineering (Data Science),DATA_SCIENCE,80,0,,,,,,,,,,
1050,106,B.Tech,CSE - Cyber Security,CYBER_SECURITY,80,0,,,,,,,,,,
1051,106,B.Tech,CSE - Robotics & Artificial Intelligence,CSE_AI_ML,80,0,,,,,,,,,,
1052,107,B.Tech,Biotechnology,BIOTECH,50,0,,,,,,,,,,
1053,107,B.Tech,Aerospace Engineering,OTHER,50,0,,,,,,,,,,
1054,107,B.Tech,Cyber Security,CYBER_SECURITY,50,0,,,,,,,,,,
1055,107,B.Tech,Bioinformatics,OTHER,50,0,,,,,,,,,,
1056,107,B.Tech,Robotics and Automation - Artificial Intelligence,CSE_AI_ML,50,0,,,,,,,,,,
1057,107,B.Tech,Chemical Engineering,OTHER,50,0,,,,,,,,,,
1058,107,B.Tech,Civil Engineering,CIVIL,50,0,,,,,,,,,,
1059,107,B.Tech,Electronics & VLSI Engineering,ELECTRONICS,50,0,,,,,,,,,,
1060,107,B.Tech,Information And Communication Technology,OTHER,50,0,,,,,,,,,,
1061,107,B.Tech,Electric Vehicle Technology,OTHER,50,0,,,,,,,,,,
1062,107,B.Tech,Smart Grid,OTHER,50,0,,,,,,,,,,
1063,107,B.Tech,Computer Science and Business Systems,CSE_CORE,50,0,,,,,,,,,,
1064,107,B.Tech,Robotics and Automation,ROBOTICS,50,0,,,,,,,,,,
1065,107,B.Tech,Electrical And Electronics Engineering,ELECTRICAL,50,0,,,,,,,,,,
1066,107,B.Tech,Information Technology,CSE_CORE,50,0,,,,,,,,,,
1067,107,B.Tech,Electronics And Instrumentation Engineering,ELECTRONICS,50,0,,,,,,,,,,
1068,107,B.Tech,Mechatronics,MECHANICAL,50,0,,,,,,,,,,
1069,107,B.Tech,Bioengineering,OTHER,50,0,,,,,,,,,,
1070,107,B.Tech,Cyber Physical Systems,CYBER_SECURITY,50,0,,,,,,,,,,
1071,107,B.Tech,Blockchain & IoT,OTHER,50,0,,,,,,,,,,
1072,107,B.Tech,Computer Networks,OTHER,50,0,,,,,,,,,,
1073,107,B.Tech,Digital Manufacturing,OTHER,50,0,,,,,,,,,,
1074,107,B.Tech,Electronics And Computer Engineering,ELECTRONICS,50,0,,,,,,,,,,
1075,107,B.Tech,Internet of Things & Cyber Security Including Blockchain Technology,CYBER_SECURITY,50,0,,,,,,,,,,
1076,108,B.Tech,Electrical And Electronics Engineering,ELECTRICAL,50,0,,,,,,,,,,
1077,108,B.Tech,Aeronautical Engineering,OTHER,50,0,,,,,,,,,,
1078,108,B.Tech,Artificial Intelligence,CSE_AI_ML,50,0,,,,,,,,,,
1079,108,B.Tech,Computer Science and Business Systems,CSE_CORE,50,0,,,,,,,,,,
1080,108,B.Tech,Robotics & Artificial Intelligence,CSE_AI_ML,50,0,,,,,,,,,,
1081,108,B.Tech,Internet of Things,OTHER,50,0,,,,,,,,,,
1082,108,B.Tech,Blockchain Technology,OTHER,50,0,,,,,,,,,,
1083,108,B.Tech,Mechatronics Engineering,MECHANICAL,50,0,,,,,,,,,,
1084,110,B.Tech,Biotechnology,BIOTECH,75,55,,,,,,,,,,
1085,110,B.Tech,Biotechnology (Genetic Engineering),BIOTECH,75,55,,,,,,,,,,
1086,110,B.Tech,Biotechnology (Stem Cell),BIOTECH,75,55,,,,,,,,,,
1087,110,B.Tech,Biotechnology (Agriculture),BIOTECH,75,55,,,,,,,,,,
1088,110,B.Tech,Biotechnology (Fermentation),BIOTECH,75,55,,,,,,,,,,
1089,110,B.Tech,Biotechnology (Sponsored),BIOTECH,75,55,,,,,,,,,,
1090,110,B.Tech,Biotechnology (Computational Biology),BIOTECH,75,55,,,,,,,,,,
1091,110,B.Tech,Mechatronics,MECHANICAL,75,55,,,,,,,,,,
1092,110,B.Tech,Food Technology,OTHER,75,55,,,,,,,,,,
1093,110,B.Tech,Food Technology (Quality Assurance),OTHER,75,55,,,,,,,,,,
1094,110,B.Tech,EEE,ELECTRICAL,75,55,,,,,,,,,,
1095,110,B.Tech,EEE (Renewable Energy),ELECTRICAL,75,55,,,,,,,,,,
1096,110,B.Tech,EEE (Electric Vehicles),ELECTRICAL,75,55,,,,,,,,,,
1097,110,B.Tech,Electronics & Computer Engineering,ELECTRONICS,75,55,,,,,,,,,,
1098,110,B.Tech,Electronics & Computer (AI & ML),CSE_AI_ML,75,55,,,,,,,,,,
1099,110,B.Tech,ECE (VLSI Design),ELECTRONICS,75,55,,,,,,,,,,
1100,110,B.Tech,ECE (Semiconductor Design),ELECTRONICS,75,55,,,,,,,,,,
1101,110,B.Tech,ECE (Robotics & Automation),ROBOTICS,75,55,,,,,,,,,,
1102,110,B.Tech,CSE (Fintech AI),OTHER,75,55,,,,,,,,,,
1103,110,B.Tech,CSE (Full Stack Development),OTHER,75,55,,,,,,,,,,
1104,110,B.Tech,CSE (Cyber Security),CYBER_SECURITY,75,55,,,,,,,,,,
1105,110,B.Tech,CSE (AI & Data Science),DATA_SCIENCE,75,55,,,,,,,,,,
1106,110,B.Tech,Civil (AI Infrastructure),CIVIL,75,55,,,,,,,,,,
1107,110,B.Tech,Mechanical (Electric Vehicles),MECHANICAL,75,55,,,,,,,,,,
1108,110,B.Tech,Mechanical (Hydrogen Tech),MECHANICAL,75,55,,,,,,,,,,
1109,111,B.Tech,Electrical Engineering,ELECTRICAL,80,0,,,,,,,,,,
1110,111,B.Tech,Electronics Engineering,ELECTRONICS,80,0,,,,,,,,,,
1111,111,B.Tech,Electrical & Electronics Engineering,ELECTRICAL,80,0,,,,,,,,,,
1112,111,B.Tech,Computer Science & Information Technology,CSE_CORE,80,0,,,,,,,,,,
1113,111,B.Tech,CSE (IoT),OTHER,80,0,,,,,,,,,,
1114,112,B.Tech,CSE (Cyber Security),CYBER_SECURITY,75,55,,,,,,,,,,
1115,112,B.Tech,CSE (AI & ML),CSE_AI_ML,75,55,,,,,,,,,,
1116,112,B.Tech,Mechanical Engineering,MECHANICAL,75,55,,,,,,,,,,
1117,112,B.Tech,CSE (Full Stack Development),OTHER,75,55,,,,,,,,,,
1118,112,B.Tech,Biotechnology,BIOTECH,75,55,,,,,,,,,,
1119,112,B.Tech,Civil Engineering,CIVIL,75,55,,,,,,,,,,
1120,112,B.Tech,CSE (Data Science),DATA_SCIENCE,75,55,,,,,,,,,,
1121,112,B.Tech,CSE (DevOps),OTHER,75,55,,,,,,,,,,
1122,112,B.Tech,Mechanical (Digital Manufacturing),MECHANICAL,75,55,,,,,,,,,,
1123,112,B.Tech,ECE (Embedded Systems),ELECTRONICS,75,55,,,,,,,,,,
1124,112,B.Tech,CSE (IoT),OTHER,75,55,,,,,,,,,,
1125,112,B.Tech,Mining Engineering,OTHER,75,55,,,,,,,,,,
1126,112,B.Tech,Robotics & Automation,ROBOTICS,75,55,,,,,,,,,,
1127,113,B.Tech,CSE,OTHER,90,90,,,,,,,,,,
1128,113,B.Tech,CSE (AI & ML),CSE_AI_ML,90,90,,,,,,,,,,
1129,113,B.Tech,CSE (Cyber Security),CYBER_SECURITY,90,90,,,,,,,,,,
1130,113,B.Tech,CSE (Data Science),DATA_SCIENCE,90,90,,,,,,,,,,
1131,113,B.Tech,ECE,ELECTRONICS,90,90,,,,,,,,,,
1132,113,B.Tech,ECE (AI & ML),CSE_AI_ML,90,90,,,,,,,,,,
1133,113,B.Tech,ECE (IoT),ELECTRONICS,90,90,,,,,,,,,,
1134,113,B.Tech,EEE,ELECTRICAL,90,90,,,,,,,,,,
1135,113,B.Tech,Mechanical Engineering,MECHANICAL,90,90,,,,,,,,,,
1136,113,B.Tech,Civil Engineering,CIVIL,90,90,,,,,,,,,,
1137,114,B.Tech,ECE,ELECTRONICS,50,0,,,,,,,,,,
1138,114,B.Tech,Electronics & Computer Engineering,ELECTRONICS,50,0,,,,,,,,,,
1139,114,B.Tech,EEE,ELECTRICAL,50,0,,,,,,,,,,
1140,114,B.Tech,CSE,OTHER,50,0,,,,,,,,,,
1141,114,B.Tech,IT,OTHER,50,0,,,,,,,,,,
1142,114,B.Tech,Mechanical Engineering,MECHANICAL,50,0,,,,,,,,,,
1143,114,B.Tech,Civil Engineering,CIVIL,50,0,,,,,,,,,,
1144,114,B.Tech,CSE (Data Science),DATA_SCIENCE,50,0,,,,,,,,,,
1145,114,B.Tech,CSE (AI & ML),CSE_AI_ML,50,0,,,,,,,,,,
1146,114,B.Tech,CSE (Cyber Security),CYBER_SECURITY,50,0,,,,,,,,,,
1147,114,B.Tech,CSE (IoT),OTHER,50,0,,,,,,,,,,
1148,115,B.Tech,CSE (AI & ML),CSE_AI_ML,50,0,,,,,,,,,,
1149,115,B.Tech,CSE (Cyber Security & IoT),CYBER_SECURITY,50,0,,,,,,,,,,
1150,115,B.Tech,CSE (AI & Data Analytics),DATA_SCIENCE,50,0,,,,,,,,,,
1151,115,B.Tech,ECE,ELECTRONICS,50,0,,,,,,,,,,
1152,116,B.Tech,CSE (AI & ML - IBM),CSE_AI_ML,90,0,,,,,,,,,,
1153,116,B.Tech,CSE (AI & ML),CSE_AI_ML,90,0,,,,,,,,,,
1154,116,B.Tech,Mechanical Engineering (IBM),MECHANICAL,90,0,,,,,,,,,,
1155,116,B.Tech,Artificial Intelligence (IBM),CSE_AI_ML,90,0,,,,,,,,,,
1156,116,B.Tech,CSE (AI & ML - Samatrix),CSE_AI_ML,90,0,,,,,,,,,,
1157,116,B.Tech,CSE (Cloud & Cyber Security),CYBER_SECURITY,90,0,,,,,,,,,,
1158,116,B.Tech,CSE (Cyber Security & Forensics),CYBER_SECURITY,90,0,,,,,,,,,,
1159,116,B.Tech,CSE,OTHER,90,0,,,,,,,,,,
1160,117,B.Tech,CSE,OTHER,70,0,,,,,,,,,,
1161,117,B.Tech,CS & IT,OTHER,70,0,,,,,,,,,,
1162,117,B.Tech,Software Engineering,OTHER,70,0,,,,,,,,,,
1163,117,B.Tech,AI & ML,CSE_AI_ML,70,0,,,,,,,,,,
1164,117,B.Tech,Data Science,DATA_SCIENCE,70,0,,,,,,,,,,
1165,117,B.Tech,Cyber Security,CYBER_SECURITY,70,0,,,,,,,,,,
1166,118,B.Tech,Biomedical Engineering,OTHER,50,0,,,,,,,,,,
1167,118,B.Tech,Civil Engineering,CIVIL,50,0,,,,,,,,,,
1168,118,B.Tech,CSE,OTHER,50,0,,,,,,,,,,
1169,118,B.Tech,CSE (AI & ML,CSE_AI_ML,50,0,,,,,,,,,,
1170,118,B.Tech,CSE (Cloud & DevOps),OTHER,50,0,,,,,,,,,,
1171,118,B.Tech,CSE (Cyber Security),CYBER_SECURITY,50,0,,,,,,,,,,
1172,118,B.Tech,CSE (Data Science & AI),DATA_SCIENCE,50,0,,,,,,,,,,
1173,118,B.Tech,EEE,ELECTRICAL,50,0,,,,,,,,,,
1174,118,B.Tech,ECE,ELECTRONICS,50,0,,,,,,,,,,
1175,118,B.Tech,Mechanical Engineering,MECHANICAL,50,0,,,,,,,,,,
1176,118,B.Tech,Robotics & Automation,ROBOTICS,50,0,,,,,,,,,,
1177,119,B.Tech,cse,OTHER,50,0,,,,,,,,,,
1178,119,B.Tech,CSE (AI & Data Science),DATA_SCIENCE,50,0,,,,,,,,,,
1179,119,B.Tech,CSE (AI & ML),CSE_AI_ML,50,0,,,,,,,,,,
1180,120,B.Tech,CSE,OTHER,60,0,,,,,,,,,,
1181,120,B.Tech,AI & Data Science,DATA_SCIENCE,60,0,,,,,,,,,,
1182,120,B.Tech,CSE (AI & ML),CSE_AI_ML,60,0,,,,,,,,,,
1183,120,B.Tech,IT,OTHER,60,0,,,,,,,,,,
1184,120,B.Tech,CSE (Software Product Engineering - Kalvium),OTHER,60,0,,,,,,,,,,
1185,120,B.Tech,ECE,ELECTRONICS,60,0,,,,,,,,,,
1186,120,B.Tech,CSE (Software Product Engineering),OTHER,60,0,,,,,,,,,,
1187,120,B.Tech,CSE (Blockchain),OTHER,60,0,,,,,,,,,,
1188,120,B.Tech,Electronics & Computer Engineering,ELECTRONICS,60,0,,,,,,,,,,
1189,120,B.Tech,CSE (Cyber Security),CYBER_SECURITY,60,0,,,,,,,,,,
1190,120,B.Tech,CSE (IoT),OTHER,60,0,,,,,,,,,,
1191,120,B.Tech,CSE (Business Systems),OTHER,60,0,,,,,,,,,,
1192,120,B.Tech,Computer & Communication Engineering,OTHER,60,0,,,,,,,,,,
1193,121,B.Tech,CSE,OTHER,85,85,,,,,,,,,,
1194,121,B.Tech,Computer Engineering,OTHER,85,85,,,,,,,,,,
1195,121,B.Tech,CSE (Derabassi Campus),OTHER,85,85,,,,,,,,,,
1196,121,B.Tech,Electronics & Computer Engineering,ELECTRONICS,85,85,,,,,,,,,,
1197,121,B.Tech,Electrical & Computer Engineering,ELECTRICAL,85,85,,,,,,,,,,
1198,121,B.Tech,CSE (Business Systems),OTHER,85,85,,,,,,,,,,
1199,121,B.Tech,AI & ML,CSE_AI_ML,85,85,,,,,,,,,,
1200,121,B.Tech,AI & Data Science,DATA_SCIENCE,85,85,,,,,,,,,,
1201,121,B.Tech,ECE,ELECTRONICS,85,85,,,,,,,,,,
1202,121,B.Tech,Electrical Engineering,ELECTRICAL,85,85,,,,,,,,,,
1203,121,B.Tech,Mechanical Engineering,MECHANICAL,85,85,,,,,,,,,,
1204,121,B.Tech,Chemical Engineering,OTHER,85,85,,,,,,,,,,
1205,121,B.Tech,Civil Engineering,CIVIL,85,85,,,,,,,,,,
1206,121,B.Tech,Mechatronics Engineering,MECHANICAL,85,85,,,,,,,,,,
1207,121,B.Tech,Mechanical (Production),MECHANICAL,85,85,,,,,,,,,,
1208,121,B.Tech,Biotechnology,BIOTECH,85,85,,,,,,,,,,
1209,121,B.Tech,Biotechnology (Low Fee Program),BIOTECH,85,85,,,,,,,,,,
1210,121,B.Tech,Biomedical Engineering,OTHER,85,85,,,,,,,,,,
1211,121,B.Tech,Electronics (Instrumentation),ELECTRONICS,85,85,,,,,,,,,,
1212,121,B.Tech,Robotics & AI,ROBOTICS,85,85,,,,,,,,,,
1213,121,B.Tech,Electronics (VLSI Design),ELECTRONICS,85,85,,,,,,,,,,
1214,121,B.Tech,Civil (Computer Applications),CIVIL,85,85,,,,,,,,,,
1215,122,B.Tech,ECE,ELECTRONICS,50,0,,,,,,,,,,
1216,122,B.Tech,CSE (Cyber Security),CYBER_SECURITY,50,0,,,,,,,,,,
1217,122,B.Tech,IT,OTHER,50,0,,,,,,,,,,
1218,122,B.Tech,Data Science,DATA_SCIENCE,50,0,,,,,,,,,,
1219,122,B.Tech,Aerospace Engineering,OTHER,50,0,,,,,,,,,,
1220,122,B.Tech,Agriculture Engineering,OTHER,50,0,,,,,,,,,,
1221,122,B.Tech,Robotics & AI,ROBOTICS,50,0,,,,,,,,,,
1222,122,B.Tech,Biomedical Engineering,OTHER,50,0,,,,,,,,,,
1223,122,B.Tech,EEE,ELECTRICAL,50,0,,,,,,,,,,
1224,122,B.Tech,AI & ML,CSE_AI_ML,50,0,,,,,,,,,,
1225,122,B.Tech,Biotechnology,BIOTECH,50,0,,,,,,,,,,
1226,122,B.Tech,AI & Data Science,DATA_SCIENCE,50,0,,,,,,,,,,
1227,122,B.Tech,CSE (AI & ML),CSE_AI_ML,50,0,,,,,,,,,,
1228,122,B.Tech,Unmanned Aircraft Systems,OTHER,50,0,,,,,,,,,,
1229,122,B.Tech,Animation & VFX,OTHER,50,0,,,,,,,,,,
1230,122,B.Tech,Bioinformatics,OTHER,50,0,,,,,,,,,,
1231,122,B.Tech,CSE (Blockchain),OTHER,50,0,,,,,,,,,,
1232,122,B.Tech,Business Intelligence Systems,OTHER,50,0,,,,,,,,,,
1233,122,B.Tech,CSE (Cloud Computing),OTHER,50,0,,,,,,,,,,
1234,122,B.Tech,Civil (Infrastructure Engineering),CIVIL,50,0,,,,,,,,,,
1235,122,B.Tech,CSE (Data Science),DATA_SCIENCE,50,0,,,,,,,,,,
1236,122,B.Tech,CSE (IoT),OTHER,50,0,,,,,,,,,,
1237,122,B.Tech,Mechatronics,MECHANICAL,50,0,,,,,,,,,,
1238,122,B.Tech,Product Design & Development,OTHER,50,0,,,,,,,,,,
1239,122,B.Tech,Quantum Computing,OTHER,50,0,,,,,,,,,,
1240,123,B.Tech,CSE,OTHER,50,0,,,,,,,,,,
1241,123,B.Tech,CSE (AI & ML),CSE_AI_ML,50,0,,,,,,,,,,
1242,123,B.Tech,CSE (Cyber Security),CYBER_SECURITY,50,0,,,,,,,,,,
1243,123,B.Tech,CSE (Data Science),DATA_SCIENCE,50,0,,,,,,,,,,
1244,123,B.Tech,CSE (IoT),OTHER,50,0,,,,,,,,,,
1245,123,B.Tech,CS-BS,OTHER,50,0,,,,,,,,,,
1246,123,B.Tech,IT,OTHER,50,0,,,,,,,,,,
1247,123,B.Tech,ECE,ELECTRONICS,50,0,,,,,,,,,,
1248,123,B.Tech,ECE (VLSI),ELECTRONICS,50,0,,,,,,,,,,
1249,123,B.Tech,Biomedical Engineering,OTHER,50,0,,,,,,,,,,
1250,123,B.Tech,Biotechnology,BIOTECH,50,0,,,,,,,,,,
1251,123,B.Tech,Bioinformatics,OTHER,50,0,,,,,,,,,,
1252,123,B.Tech,Agriculture Engineering,OTHER,50,0,,,,,,,,,,
1253,123,B.Tech,Chemical Engineering,OTHER,50,0,,,,,,,,,,
1254,123,B.Tech,Civil Engineering,CIVIL,50,0,,,,,,,,,,
1255,123,B.Tech,EEE,ELECTRICAL,50,0,,,,,,,,,,
1256,123,B.Tech,Mechanical Engineering,MECHANICAL,50,0,,,,,,,,,,
1257,123,B.Tech,Robotics & Automation,ROBOTICS,50,0,,,,,,,,,,
1258,123,B.Tech,Food Technology,OTHER,50,0,,,,,,,,,,
1259,123,B.Tech,Textile Technology,OTHER,50,0,,,,,,,,,,
1260,123,B.Tech,Technical Textile,OTHER,50,0,,,,,,,,,,
1261,124,B.Tech,CSE,OTHER,50,0,,,,,,,,,,
1262,124,B.Tech,AI & Data Science,DATA_SCIENCE,50,0,,,,,,,,,,
1263,124,B.Tech,AI & ML,CSE_AI_ML,50,0,,,,,,,,,,
1264,124,B.Tech,IT,OTHER,50,0,,,,,,,,,,
1265,124,B.Tech,Biomedical Engineering,OTHER,50,0,,,,,,,,,,
1266,124,B.Tech,Biotechnology,BIOTECH,50,0,,,,,,,,,,
1267,124,B.Tech,ECE,ELECTRONICS,50,0,,,,,,,,,,
1268,124,B.Tech,Civil Engineering,CIVIL,50,0,,,,,,,,,,
1269,124,B.Tech,EEE,ELECTRICAL,50,0,,,,,,,,,,
1270,124,B.Tech,Mechanical Engineering,MECHANICAL,50,0,,,,,,,,,,
1271,124,B.Tech,Pharmaceutical Engineering,OTHER,50,0,,,,,,,,,,
1272,124,B.Tech,AI & ML (HCL),CSE_AI_ML,50,0,,,,,,,,,,
1273,124,B.Tech,ECE (HCL),ELECTRONICS,50,0,,,,,,,,,,
1274,124,B.Tech,EEE (HCL),ELECTRICAL,50,0,,,,,,,,,,
1275,125,B.Tech,CSE,OTHER,50,0,,,,,,,,,,
1276,125,B.Tech,CSE (Data Science),DATA_SCIENCE,50,0,,,,,,,,,,
1277,125,B.Tech,CSE (AI & ML),CSE_AI_ML,50,0,,,,,,,,,,
1278,125,B.Tech,CSE (Cyber Security),CYBER_SECURITY,50,0,,,,,,,,,,
1279,125,B.Tech,CSE (Bioinformatics),OTHER,50,0,,,,,,,,,,
1280,125,B.Tech,CSE (Business Systems),OTHER,50,0,,,,,,,,,,
1281,125,B.Tech,CSE (AI & Data Engineering),OTHER,50,0,,,,,,,,,,
1282,125,B.Tech,IT,OTHER,50,0,,,,,,,,,,
1283,125,B.Tech,ECE,ELECTRONICS,50,0,,,,,,,,,,
1284,125,B.Tech,ECE (Biomedical),ELECTRONICS,50,0,,,,,,,,,,
1285,125,B.Tech,Electronics & Instrumentation,ELECTRONICS,50,0,,,,,,,,,,
1286,125,B.Tech,Electronics (VLSI Design),ELECTRONICS,50,0,,,,,,,,,,
1287,125,B.Tech,EEE,ELECTRICAL,50,0,,,,,,,,,,
1288,125,B.Tech,Electrical & Computer Engineering,ELECTRICAL,50,0,,,,,,,,,,
1289,125,B.Tech,Mechanical Engineering,MECHANICAL,50,0,,,,,,,,,,
1290,125,B.Tech,Mechanical (Smart Manufacturing),MECHANICAL,50,0,,,,,,,,,,
1291,125,B.Tech,Mechanical (Electric Vehicles),MECHANICAL,50,0,,,,,,,,,,
1292,125,B.Tech,Civil Engineering,CIVIL,50,0,,,,,,,,,,
1293,125,B.Tech,Civil (L&T),CIVIL,50,0,,,,,,,,,,
1294,125,B.Tech,Chemical Engineering,OTHER,50,0,,,,,,,,,,
1295,125,B.Tech,Biotechnology,BIOTECH,50,0,,,,,,,,,,
1296,125,B.Tech,Health Sciences & Technology,OTHER,50,0,,,,,,,,,,
1297,126,B.Tech,Mechanical Engineering,MECHANICAL,50,0,,,,,,,,,,
1298,126,B.Tech,Civil Engineering,CIVIL,50,0,,,,,,,,,,
1299,126,B.Tech,Electrical Engineering,ELECTRICAL,50,0,,,,,,,,,,
1300,126,B.Tech,CSE,OTHER,50,0,,,,,,,,,,
1301,126,B.Tech,CSE (AI),OTHER,50,0,,,,,,,,,,
1302,126,B.Tech,CSE (Cloud Computing),OTHER,50,0,,,,,,,,,,
1303,126,B.Tech,CSE (IoT & Cyber Security),CYBER_SECURITY,50,0,,,,,,,,,,
1304,126,B.Tech,CSE (AI & ML),CSE_AI_ML,50,0,,,,,,,,,,
1305,126,B.Tech,CSE (IBM),OTHER,50,0,,,,,,,,,,
1306,126,B.Tech,CST (Premium Programme),OTHER,50,0,,,,,,,,,,
1307,126,B.Tech,Software Engineering,OTHER,50,0,,,,,,,,,,
1308,127,B.Tech,CSE,OTHER,50,0,,,,,,,,,,
1309,127,B.Tech,CSE (AI & ML),CSE_AI_ML,50,0,,,,,,,,,,
1310,127,B.Tech,CSE (AI),OTHER,50,0,,,,,,,,,,
1311,127,B.Tech,AI & Data Science,DATA_SCIENCE,50,0,,,,,,,,,,
1312,127,B.Tech,IT,OTHER,50,0,,,,,,,,,,
1313,127,B.Tech,ECE,ELECTRONICS,50,0,,,,,,,,,,
1314,127,B.Tech,EEE,ELECTRICAL,50,0,,,,,,,,,,
1315,127,B.Tech,CSE (IoT & Cyber Security),CYBER_SECURITY,50,0,,,,,,,,,,
1316,127,B.Tech,CSE (IoT),OTHER,50,0,,,,,,,,,,
1317,127,B.Tech,Civil Engineering,CIVIL,50,0,,,,,,,,,,
1318,127,B.Tech,Mechanical Engineering,MECHANICAL,50,0,,,,,,,,,,
1319,128,B.Tech,CSE,OTHER,50,0,,,,,,,,,,
1320,128,B.Tech,CSE (AI & ML),CSE_AI_ML,50,0,,,,,,,,,,
1321,128,B.Tech,ECE,ELECTRONICS,50,0,,,,,,,,,,
1322,128,B.Tech,"CSE (Blockchain, IoT & Cyber Security)",CYBER_SECURITY,50,0,,,,,,,,,,
1323,128,B.Tech,CSE (Data Science),DATA_SCIENCE,50,0,,,,,,,,,,
1324,129,B.Tech,Mechatronics & Automation,MECHANICAL,50,0,,,,,,,,,,
1325,129,B.Tech,EEE,ELECTRICAL,50,0,,,,,,,,,,
1326,129,B.Tech,ECE,ELECTRONICS,50,0,,,,,,,,,,
1327,129,B.Tech,Electrical & Computer Engineering,ELECTRICAL,50,0,,,,,,,,,,
1328,129,B.Tech,Fashion Technology,OTHER,50,0,,,,,,,,,,
1329,129,B.Tech,CSE (Data Science),DATA_SCIENCE,50,0,,,,,,,,,,
1330,129,B.Tech,Electronics (VLSI Design),ELECTRONICS,50,0,,,,,,,,,,
1331,129,B.Tech,Civil Engineering,CIVIL,50,0,,,,,,,,,,
1332,129,B.Tech,CSE,OTHER,50,0,,,,,,,,,,
1333,129,B.Tech,AI & ML,CSE_AI_ML,50,0,,,,,,,,,,
1334,129,B.Tech,Electronics & Computer Engineering,ELECTRONICS,50,0,,,,,,,,,,
1335,129,B.Tech,Mechanical Engineering,MECHANICAL,50,0,,,,,,,,,,
1336,129,B.Tech,Cyber Physical Systems,CYBER_SECURITY,50,0,,,,,,,,,,
1337,129,B.Tech,Robotics & AI,ROBOTICS,50,0,,,,,,,,,,
1338,129,B.Tech,Cyber Security,CYBER_SECURITY,50,0,,,,,,,,,,
1339,129,B.Tech,Mechanical (Electric Vehicles),MECHANICAL,50,0,,,,,,,,,,
1340,130,B.Tech,CSE,OTHER,50,0,,,,,,,,,,
1341,130,B.Tech,Aerospace Engineering,OTHER,50,0,,,,,,,,,,
1342,130,B.Tech,AI & ML,CSE_AI_ML,50,0,,,,,,,,,,
1343,130,B.Tech,ECE,ELECTRONICS,50,0,,,,,,,,,,
1344,130,B.Tech,Healthcare Informatics,OTHER,50,0,,,,,,,,,,
1345,130,B.Tech,Gaming Technology,OTHER,50,0,,,,,,,,,,
1346,130,B.Tech,Cloud Computing,OTHER,50,0,,,,,,,,,,
1347,130,B.Tech,E-Commerce,OTHER,50,0,,,,,,,,,,
1348,130,B.Tech,Artificial Intelligence,CSE_AI_ML,50,0,,,,,,,,,,
1349,130,B.Tech,Robotics,ROBOTICS,50,0,,,,,,,,,,
1350,130,B.Tech,Education Technology,OTHER,50,0,,,,,,,,,,
1351,130,B.Tech,Cyber Security & Digital Forensics,CYBER_SECURITY,50,0,,,,,,,,,,
1352,130,B.Tech,Mechanical Engineering,MECHANICAL,50,0,,,,,,,,,,
1353,130,B.Tech,Bioengineering,OTHER,50,0,,,,,,,,,,
1354,131,B.Tech,CSE,OTHER,50,0,,,,,,,,,,
1355,131,B.Tech,ECE,ELECTRONICS,50,0,,,,,,,,,,
1356,131,B.Tech,Mechanical Engineering,MECHANICAL,50,0,,,,,,,,,,
1357,131,B.Tech,CSE (Business Systems),OTHER,50,0,,,,,,,,,,
1358,131,B.Tech,CSE (Data Analytics),DATA_SCIENCE,50,0,,,,,,,,,,
1359,131,B.Tech,CSE (AI & ML),CSE_AI_ML,50,0,,,,,,,,,,
1360,131,B.Tech,CSE (Cyber Security),CYBER_SECURITY,50,0,,,,,,,,,,
1361,131,B.Tech,CSE (Blockchain),OTHER,50,0,,,,,,,,,,
1362,131,B.Tech,ECE (VLSI),ELECTRONICS,50,0,,,,,,,,,,
1363,131,B.Tech,ECE (Embedded Systems),ELECTRONICS,50,0,,,,,,,,,,
1364,131,B.Tech,Mechanical (Robotics),ROBOTICS,50,0,,,,,,,,,,
1365,131,B.Tech,Mechanical (Automotive Design),MECHANICAL,50,0,,,,,,,,,,
1366,131,B.Tech,Computer Engineering (Software Engineering),OTHER,50,0,,,,,,,,,,